dataset,model,scenario,flow_best_val_nll_mean,flow_best_val_nll_sd,flow_best_val_nll_min,flow_best_val_nll_max,flow_best_val_nll_n_seeds,flow_best_epoch_mean,flow_best_epoch_sd,flow_best_epoch_min,flow_best_epoch_max,flow_best_epoch_n_seeds,validation_auc_mean,validation_auc_sd,validation_auc_min,validation_auc_max,validation_auc_n_seeds,validation_accuracy_mean,validation_accuracy_sd,validation_accuracy_min,validation_accuracy_max,validation_accuracy_n_seeds,pure_nde_mean,pure_nde_sd,pure_nde_min,pure_nde_max,pure_nde_n_seeds,pure_nie_mean,pure_nie_sd,pure_nie_min,pure_nie_max,pure_nie_n_seeds,total_effect_mean,total_effect_sd,total_effect_min,total_effect_max,total_effect_n_seeds,addressability_mean,addressability_sd,addressability_min,addressability_max,addressability_n_seeds,effect_ratio_heuristic_mean,effect_ratio_heuristic_sd,effect_ratio_heuristic_min,effect_ratio_heuristic_max,effect_ratio_heuristic_n_seeds,recipients_mean,recipients_sd,recipients_min,recipients_max,recipients_n_seeds,post_recourse_mediated_prediction_disparity_mean,post_recourse_mediated_prediction_disparity_sd,post_recourse_mediated_prediction_disparity_min,post_recourse_mediated_prediction_disparity_max,post_recourse_mediated_prediction_disparity_n_seeds,factual_mediated_prediction_disparity_closure_mean,factual_mediated_prediction_disparity_closure_sd,factual_mediated_prediction_disparity_closure_min,factual_mediated_prediction_disparity_closure_max,factual_mediated_prediction_disparity_closure_n_seeds,recipient_level_closure_mean,recipient_level_closure_sd,recipient_level_closure_min,recipient_level_closure_max,recipient_level_closure_n_seeds,mean_absolute_gap_reduction_mean,mean_absolute_gap_reduction_sd,mean_absolute_gap_reduction_min,mean_absolute_gap_reduction_max,mean_absolute_gap_reduction_n_seeds,overshoot_rate_mean,overshoot_rate_sd,overshoot_rate_min,overshoot_rate_max,overshoot_rate_n_seeds,overshoot_magnitude_mean,overshoot_magnitude_sd,overshoot_magnitude_min,overshoot_magnitude_max,overshoot_magnitude_n_seeds,outcome_wasserstein_mean,outcome_wasserstein_sd,outcome_wasserstein_min,outcome_wasserstein_max,outcome_wasserstein_n_seeds,constraint_feasible_rate_mean,constraint_feasible_rate_sd,constraint_feasible_rate_min,constraint_feasible_rate_max,constraint_feasible_rate_n_seeds,constraint_abstention_rate_mean,constraint_abstention_rate_sd,constraint_abstention_rate_min,constraint_abstention_rate_max,constraint_abstention_rate_n_seeds,feasible_rate_mean,feasible_rate_sd,feasible_rate_min,feasible_rate_max,feasible_rate_n_seeds,cost_mean,cost_sd,cost_min,cost_max,cost_n_seeds,factual_closure_gain_vs_actionable_baseline_mean,factual_closure_gain_vs_actionable_baseline_sd,factual_closure_gain_vs_actionable_baseline_min,factual_closure_gain_vs_actionable_baseline_max,factual_closure_gain_vs_actionable_baseline_n_seeds,paired_absolute_gap_gain_vs_actionable_baseline_mean,paired_absolute_gap_gain_vs_actionable_baseline_sd,paired_absolute_gap_gain_vs_actionable_baseline_min,paired_absolute_gap_gain_vs_actionable_baseline_max,paired_absolute_gap_gain_vs_actionable_baseline_n_seeds,cost_difference_vs_actionable_baseline_mean,cost_difference_vs_actionable_baseline_sd,cost_difference_vs_actionable_baseline_min,cost_difference_vs_actionable_baseline_max,cost_difference_vs_actionable_baseline_n_seeds,feasibility_difference_vs_actionable_baseline_mean,feasibility_difference_vs_actionable_baseline_sd,feasibility_difference_vs_actionable_baseline_min,feasibility_difference_vs_actionable_baseline_max,feasibility_difference_vs_actionable_baseline_n_seeds
german_synth_m0,Logistic Reg.,ordinary_actionable_recourse,5.96285549850464,0.04307075253841807,5.921017887115479,6.015105983734131,5,24.2,4.324349662087931,17.0,28.0,5,0.8725185695502745,0.010530768729098933,0.8618731065684162,0.8840112050576958,5,0.7939,0.013699452543806287,0.7815,0.809,5,0.0409830813407898,0.00599360920359909,0.03529023826122284,0.048947959065437315,5,0.007591617941856385,0.0019788292991147665,0.005480090081691742,0.009619742751121521,5,0.048264788961410524,0.005833743054049661,0.042134702444076536,0.0547455575466156,5,0.1586801226401352,0.04256524821172964,0.10099984276477587,0.21573327254879612,5,5.7583169054272005,1.9978811553961848,3.6685220358006467,8.931962492544782,5,250.0,0.0,250.0,250.0,5,-0.06509936450228758,0.01040954746329128,-0.07399980716115534,-0.04756686744685151,5,0.8040952540933558,0.03342598782789428,0.7722652365843374,0.8582324382531089,5,0.6752405834961842,0.030967543604025996,0.6443782337880181,0.7138325197681985,5,0.2258631100016494,0.014287369912304226,0.2106629887333096,0.24288164738717355,5,0.6856000000000001,0.02974558790812511,0.66,0.736,5,0.0839795510611311,0.009835913011176095,0.06913781774762129,0.09188565230457056,5,0.17231052426828747,0.0131129300033341,0.15387674572799726,0.18561335797161205,5,1.0,0.0,1.0,1.0,5,0.0,0.0,0.0,0.0,5,0.2088,0.02613809480432727,0.18,0.244,5,0.6672747964902781,0.0062864403141487625,0.661548236535862,0.6774173751138151,5,0.0,0.0,0.0,0.0,5,0.0,0.0,0.0,0.0,5,0.0,0.0,0.0,0.0,5,0.0,0.0,0.0,0.0,5
german_synth_m0,Logistic Reg.,mediation_aware_recourse,5.96285549850464,0.04307075253841807,5.921017887115479,6.015105983734131,5,24.2,4.324349662087931,17.0,28.0,5,0.8725185695502745,0.010530768729098933,0.8618731065684162,0.8840112050576958,5,0.7939,0.013699452543806287,0.7815,0.809,5,0.0409830813407898,0.00599360920359909,0.03529023826122284,0.048947959065437315,5,0.007591617941856385,0.0019788292991147665,0.005480090081691742,0.009619742751121521,5,0.048264788961410524,0.005833743054049661,0.042134702444076536,0.0547455575466156,5,0.1586801226401352,0.04256524821172964,0.10099984276477587,0.21573327254879612,5,5.7583169054272005,1.9978811553961848,3.6685220358006467,8.931962492544782,5,250.0,0.0,250.0,250.0,5,0.05916135397720514,0.008778310131400008,0.049907842507634866,0.0737506999475965,5,0.8218737477169297,0.029445719834030593,0.7730318652354286,0.8528680244607632,5,0.6881902016746935,0.024827849044071558,0.6498248028455098,0.7136239510811209,5,0.230159394829803,0.012161757537048457,0.21211152317428847,0.24281068185267082,5,0.47919999999999996,0.032545352970892796,0.44,0.528,5,0.02163171419795877,0.001598321859886717,0.019531592627635198,0.023242040752507548,5,0.1545246606251786,0.007365915699999683,0.14638456161870902,0.16600246264391477,5,0.7103999999999999,0.03182451884946573,0.672,0.752,5,0.2896,0.03182451884946574,0.248,0.328,5,0.0256,0.007266360849833979,0.016,0.036,5,0.7485770993232727,0.06971870804834086,0.6623273196220398,0.8327341809272766,5,0.017778493623573845,0.030952302146818045,-0.028012096154766075,0.04420365967871409,5,0.004296284828153596,0.006007070484322564,-0.0013783184490996595,0.011711900128320607,5,0.08130230283299461,0.07432592797031506,-0.005601203370839357,0.17118594439141452,5,-0.2896,0.03182451884946574,-0.328,-0.248,5
german_synth_m0,MLP (64--32),ordinary_actionable_recourse,5.96285549850464,0.04307075253841807,5.921017887115479,6.015105983734131,5,24.2,4.324349662087931,17.0,28.0,5,0.8745010942309202,0.008211586723010235,0.8654789091368572,0.8838329256571973,5,0.7925000000000001,0.013638181696985876,0.778,0.809,5,0.041301708817482,0.0057791377487267535,0.03401913166046142,0.048772507786750796,5,0.007359008765220642,0.0012646249740381533,0.0060083425045013425,0.008806881844997406,5,0.04861064957380294,0.005471978849711052,0.04298396211862564,0.05583373588323593,5,0.15319161914284032,0.033508142407304514,0.11566891151833311,0.20330899205298772,5,5.773709183667998,1.3797839418889077,3.8627896069464573,7.551995980621402,5,250.0,0.0,250.0,250.0,5,-0.09227315943254442,0.015424623191588004,-0.10982701702164166,-0.06796848504796725,5,0.7185414167346181,0.039257653311455885,0.6765945409971048,0.7792732115487189,5,0.6261649435955627,0.014954374146333292,0.6074742133169695,0.6431762041272835,5,0.20612368432778982,0.008374605576723797,0.19997776938927933,0.22016072597153283,5,0.7767999999999999,0.04991192242340503,0.692,0.82,5,0.10254321397782315,0.013429780741744616,0.08119367628430377,0.11819738165453414,5,0.18962742522581336,0.009507160954768418,0.17476283900912284,0.19888464782420356,5,1.0,0.0,1.0,1.0,5,0.0,0.0,0.0,0.0,5,0.252,0.01833030277982335,0.24,0.284,5,0.65390241627004,0.007185584939191595,0.6431824187636376,0.662210009738803,5,0.0,0.0,0.0,0.0,5,0.0,0.0,0.0,0.0,5,0.0,0.0,0.0,0.0,5,0.0,0.0,0.0,0.0,5
german_synth_m0,MLP (64--32),mediation_aware_recourse,5.96285549850464,0.04307075253841807,5.921017887115479,6.015105983734131,5,24.2,4.324349662087931,17.0,28.0,5,0.8745010942309202,0.008211586723010235,0.8654789091368572,0.8838329256571973,5,0.7925000000000001,0.013638181696985876,0.778,0.809,5,0.041301708817482,0.0057791377487267535,0.03401913166046142,0.048772507786750796,5,0.007359008765220642,0.0012646249740381533,0.0060083425045013425,0.008806881844997406,5,0.04861064957380294,0.005471978849711052,0.04298396211862564,0.05583373588323593,5,0.15319161914284032,0.033508142407304514,0.11566891151833311,0.20330899205298772,5,5.773709183667998,1.3797839418889077,3.8627896069464573,7.551995980621402,5,250.0,0.0,250.0,250.0,5,0.07848733511281238,0.01209657567655945,0.06037744514398793,0.08894694028643577,5,0.7592440893624467,0.040668825228673176,0.719233187337608,0.812881819710512,5,0.6125850519844838,0.02892680405561941,0.5734117640803433,0.6431877253533345,5,0.20180033719155638,0.014379730925401027,0.18552881111842023,0.21966733151074846,5,0.46159999999999995,0.05546891021103624,0.368,0.516,5,0.023094564588242987,0.004035331737629073,0.01636181177610846,0.02729148282928169,5,0.17915982858637353,0.008856423699940842,0.1670449454843535,0.19092726751032904,5,0.6096000000000001,0.036397802131447436,0.556,0.64,5,0.39039999999999997,0.03639780213144744,0.36,0.444,5,0.029599999999999998,0.017572706109191035,0.016,0.06,5,0.6100218186855315,0.03833053061359203,0.5792453694343567,0.662607191324234,5,0.040702672627828715,0.07586438523798515,-0.060040024211110876,0.12028737238887555,5,-0.004323347136233451,0.012223870788696637,-0.014448958270859139,0.01219720398674529,5,-0.043880597584508366,0.03266347365435404,-0.07369681739062071,0.0003971815854310989,5,-0.39039999999999997,0.03639780213144744,-0.444,-0.36,5
german_synth_m0,Random Forest,ordinary_actionable_recourse,5.96285549850464,0.04307075253841807,5.921017887115479,6.015105983734131,5,24.2,4.324349662087931,17.0,28.0,5,0.8734244052405916,0.009014038659873453,0.8644485330752769,0.8834998411919268,5,0.79,0.014115594213493133,0.7735,0.806,5,0.018770083975791933,0.0026172876363342477,0.015699938476085664,0.02165393829345703,5,0.006619981849193574,0.001105328892526211,0.005442733347415924,0.008016516745090485,5,0.02512388575077057,0.0031916228886802564,0.021325335443019868,0.02910313415527344,5,0.263724163244191,0.030778495388376313,0.2298540643722941,0.3048638271131605,5,2.8716096388436028,0.4380385935552768,2.3165725136746014,3.375080797238218,5,250.0,0.0,250.0,250.0,5,-0.07483502263622706,0.01166031582734376,-0.08995269091883275,-0.05752384523234357,5,0.767184217260964,0.03538977520777315,0.7231144586296849,0.8196208909050613,5,0.6521948140294427,0.029762450972959178,0.6150335511114415,0.6925043820758605,5,0.20993516444622035,0.009711162872719815,0.19885394037602974,0.22195211535218107,5,0.7415999999999998,0.018676188047886018,0.72,0.768,5,0.09214298097114984,0.01098892258722743,0.07583450102653551,0.10385612959855155,5,0.1771500649236169,0.008308639638093664,0.16460891636239228,0.1860103888915528,5,1.0,0.0,1.0,1.0,5,0.0,0.0,0.0,0.0,5,0.2424,0.03207491231476713,0.196,0.276,5,0.6677544949319214,0.012071702433038676,0.6599628501236439,0.689200635433197,5,0.0,0.0,0.0,0.0,5,0.0,0.0,0.0,0.0,5,0.0,0.0,0.0,0.0,5,0.0,0.0,0.0,0.0,5
german_synth_m0,Random Forest,mediation_aware_recourse,5.96285549850464,0.04307075253841807,5.921017887115479,6.015105983734131,5,24.2,4.324349662087931,17.0,28.0,5,0.8734244052405916,0.009014038659873453,0.8644485330752769,0.8834998411919268,5,0.79,0.014115594213493133,0.7735,0.806,5,0.018770083975791933,0.0026172876363342477,0.015699938476085664,0.02165393829345703,5,0.006619981849193574,0.001105328892526211,0.005442733347415924,0.008016516745090485,5,0.02512388575077057,0.0031916228886802564,0.021325335443019868,0.02910313415527344,5,0.263724163244191,0.030778495388376313,0.2298540643722941,0.3048638271131605,5,2.8716096388436028,0.4380385935552768,2.3165725136746014,3.375080797238218,5,250.0,0.0,250.0,250.0,5,0.05353165261455277,0.013065855176092144,0.04122709581414902,0.07463744876936365,5,0.832955518970358,0.0432971358936808,0.7622696281144468,0.8724143776492763,5,0.6590797433671307,0.03930716499828385,0.5930545783541769,0.6930033716446637,5,0.21230749351491038,0.015473020819710264,0.18628597132261937,0.22406330662186202,5,0.536,0.0289827534923789,0.488,0.56,5,0.027602508949511134,0.0011220481736552174,0.026409683500064184,0.02877023923226386,5,0.1539517568688447,0.014199535197355359,0.13905909178136663,0.175925430389153,5,0.696,0.05306599664568639,0.616,0.744,5,0.304,0.053065996645686404,0.256,0.384,5,0.041600000000000005,0.005366563145999497,0.036,0.048,5,0.6281151791095734,0.044829878580452696,0.5591522376537323,0.6837531526088715,5,0.06577130170939408,0.04920054909934057,0.009155695739047953,0.10958122692746786,5,0.0023723290686900014,0.017195315929975464,-0.01812296799768156,0.02520936624583224,5,-0.039639315822348,0.04500800498313845,-0.10081061246991158,0.020301702098920942,5,-0.304,0.053065996645686404,-0.384,-0.256,5
german_synth_m05,Logistic Reg.,ordinary_actionable_recourse,5.974245254898071,0.03544988934496145,5.925642446517944,6.0204022483825685,5,17.6,10.358571330062848,8.0,31.0,5,0.8771865366021034,0.008019018530783436,0.8693957177624951,0.887532256445623,5,0.8042999999999999,0.010016236818286608,0.7935,0.8175,5,0.04262419377565384,0.004305989546617044,0.037618296027183536,0.049368664562702176,5,0.10294092919826507,0.00297373856680501,0.09947805213928222,0.10667547857761384,5,0.14070554933547977,0.005579383958406405,0.13510094618797303,0.1490855348110199,5,0.7319852423375165,0.017534091776529055,0.7066468945553738,0.7511087948081882,5,0.41400064074558685,0.038784936744876236,0.37071305624946677,0.46861201255110146,5,250.0,0.0,250.0,250.0,5,0.03805179044256359,0.01220939065945523,0.01728527411369283,0.048893244725718446,5,0.912087711660322,0.02763263513974836,0.8898198888118779,0.959800029122813,5,0.7706177236293338,0.02111792178124739,0.7468159539745396,0.7950531651172681,5,0.3330480057788625,0.012075437967079975,0.3207087461223383,0.3488584100943325,5,0.3712,0.03468717342188607,0.34,0.428,5,0.030532828511901578,0.009114937741558317,0.02283911614015013,0.0457896864158982,5,0.15406241029808093,0.007782058986362695,0.1427508250968315,0.16194428661477905,5,1.0,0.0,1.0,1.0,5,0.0,0.0,0.0,0.0,5,0.2032,0.02567489045740994,0.176,0.24,5,0.6579734347840305,0.007608471223368228,0.6463287516348064,0.6647951940186322,5,0.0,0.0,0.0,0.0,5,0.0,0.0,0.0,0.0,5,0.0,0.0,0.0,0.0,5,0.0,0.0,0.0,0.0,5
german_synth_m05,Logistic Reg.,mediation_aware_recourse,5.974245254898071,0.03544988934496145,5.925642446517944,6.0204022483825685,5,17.6,10.358571330062848,8.0,31.0,5,0.8771865366021034,0.008019018530783436,0.8693957177624951,0.887532256445623,5,0.8042999999999999,0.010016236818286608,0.7935,0.8175,5,0.04262419377565384,0.004305989546617044,0.037618296027183536,0.049368664562702176,5,0.10294092919826507,0.00297373856680501,0.09947805213928222,0.10667547857761384,5,0.14070554933547977,0.005579383958406405,0.13510094618797303,0.1490855348110199,5,0.7319852423375165,0.017534091776529055,0.7066468945553738,0.7511087948081882,5,0.41400064074558685,0.038784936744876236,0.37071305624946677,0.46861201255110146,5,250.0,0.0,250.0,250.0,5,0.019024394905649524,0.008950188437464012,0.009579872687820663,0.02912334357124432,5,0.9557595288244499,0.021145912372268046,0.93199180153214,0.9784119167416,5,0.8738669565011852,0.014988214270895556,0.8523508927720839,0.8882726170407698,5,0.37770041616528455,0.01232481039815632,0.36649575860705813,0.3923838707867601,5,0.4720000000000001,0.06449806198638841,0.388,0.54,5,0.017720321087147585,0.0023992990906017042,0.0144203932559037,0.020896851194100854,5,0.09260736096680437,0.005401720786887157,0.08880575580875558,0.10129639340373901,5,0.9328,0.017297398648351676,0.912,0.948,5,0.06720000000000001,0.01729739864835172,0.052,0.088,5,0.017599999999999998,0.006693280212272605,0.012,0.028,5,0.8034444167613983,0.055137428800644046,0.7366461615562439,0.8676344075202942,5,0.043671817164127845,0.0426587069497491,-0.023845263259508753,0.0885920279297221,5,0.044652410386422065,0.009140048021645865,0.031781792435626295,0.056315517361422394,5,0.1454709819773678,0.05718291733248206,0.08153722710162402,0.22130565588548778,5,-0.06720000000000001,0.01729739864835172,-0.088,-0.052,5
german_synth_m05,MLP (64--32),ordinary_actionable_recourse,5.974245254898071,0.03544988934496145,5.925642446517944,6.0204022483825685,5,17.6,10.358571330062848,8.0,31.0,5,0.8780278829332442,0.008266113952865542,0.867748039483438,0.8889536446141044,5,0.8066999999999999,0.009909591313470004,0.7955,0.8185,5,0.04252843469381332,0.0056755112158746405,0.035716569542884824,0.05101966547966003,5,0.10199663010835647,0.007058207538277393,0.09254287189245224,0.11022360759973526,5,0.13994368728399276,0.007434179499573881,0.13205293929576875,0.14745769256353378,5,0.729182935300215,0.040304623532391344,0.6609926963937877,0.7660443702915675,5,0.4199638495460201,0.07714862851882069,0.35307562945931653,0.5513084307449635,5,250.0,0.0,250.0,250.0,5,0.02008094752444733,0.018394289211022208,-0.0064825535648283875,0.041523432934145475,5,0.9482085905475094,0.03155683074762492,0.9082435922454583,0.9855218799892553,5,0.7966646188651101,0.00807066211403276,0.7836985465761104,0.8049225178400534,5,0.3477244393565281,0.012466129854731972,0.33318733395399375,0.3595231828299859,5,0.4384,0.06122744482664616,0.372,0.504,5,0.0343087254233687,0.009274771912508549,0.02559985201734161,0.04912600012478577,5,0.15435215561728563,0.007830063321343063,0.14070341629777597,0.16076717161919282,5,1.0,0.0,1.0,1.0,5,0.0,0.0,0.0,0.0,5,0.2512,0.010353743284435838,0.236,0.264,5,0.6399125640416983,0.00868068773737707,0.6269099256545305,0.6479542286768556,5,0.0,0.0,0.0,0.0,5,0.0,0.0,0.0,0.0,5,0.0,0.0,0.0,0.0,5,0.0,0.0,0.0,0.0,5
german_synth_m05,MLP (64--32),mediation_aware_recourse,5.974245254898071,0.03544988934496145,5.925642446517944,6.0204022483825685,5,17.6,10.358571330062848,8.0,31.0,5,0.8780278829332442,0.008266113952865542,0.867748039483438,0.8889536446141044,5,0.8066999999999999,0.009909591313470004,0.7955,0.8185,5,0.04252843469381332,0.0056755112158746405,0.035716569542884824,0.05101966547966003,5,0.10199663010835647,0.007058207538277393,0.09254287189245224,0.11022360759973526,5,0.13994368728399276,0.007434179499573881,0.13205293929576875,0.14745769256353378,5,0.729182935300215,0.040304623532391344,0.6609926963937877,0.7660443702915675,5,0.4199638495460201,0.07714862851882069,0.35307562945931653,0.5513084307449635,5,250.0,0.0,250.0,250.0,5,0.01787153084456675,0.008354578669712114,0.007471065812350531,0.027008887904718976,5,0.9590479707984747,0.019029686017062605,0.9396784127534434,0.9833607883435119,5,0.8615682340211712,0.02592456119982192,0.8269148532225645,0.8812892609021308,5,0.37623858921819203,0.021625957242888384,0.34701499169449745,0.3982769245715998,5,0.548,0.03162277660168377,0.508,0.58,5,0.021237733975570543,0.002723596279708051,0.017485910099064767,0.024151648387480962,5,0.09783522471423296,0.011764114208495954,0.08398369985559594,0.11047568672371365,5,0.9096,0.030278705388440897,0.876,0.94,5,0.09040000000000001,0.0302787053884409,0.06,0.124,5,0.0376,0.013145341380123984,0.028,0.06,5,0.7290719298362732,0.02772909543092552,0.6877249557971954,0.7611074345111847,5,0.010839380250965359,0.04569413647746928,-0.0458434672358119,0.04912784058577946,5,0.028514149861663986,0.0126539215808029,0.01173700027904861,0.04362208535433912,5,0.08915936579457484,0.026179074780133108,0.05099197057751007,0.12062004577368497,5,-0.09040000000000001,0.0302787053884409,-0.124,-0.06,5
german_synth_m05,Random Forest,ordinary_actionable_recourse,5.974245254898071,0.03544988934496145,5.925642446517944,6.0204022483825685,5,17.6,10.358571330062848,8.0,31.0,5,0.878673473074141,0.005602346680191844,0.8731400255473788,0.8858183882515847,5,0.8037000000000001,0.00739594483484026,0.7955,0.811,5,0.02486364370584488,0.0032718456870415176,0.020589691400527955,0.02930500692129135,5,0.09669528325796126,0.0028997774063607945,0.09389197617769242,0.10067059099674225,5,0.11738217483758925,0.005451772416762906,0.11222794264554978,0.12529063189029693,5,0.8243197672037887,0.01741406398443158,0.8034965541947964,0.8488550287794723,5,0.2566756688681421,0.027841473544167227,0.21613012769584658,0.29109799228495314,5,250.0,0.0,250.0,250.0,5,0.02592081953086898,0.004566530263233159,0.02027914670571463,0.030894626454828048,5,0.9381069359168513,0.010740193444785252,0.9262546517105431,0.9517443392528862,5,0.7775025727962255,0.016174624188269322,0.7642893755173068,0.7983390939659611,5,0.32550815385112186,0.007648128626165568,0.31563146242121176,0.3344534762457745,5,0.43439999999999995,0.02920273959751036,0.404,0.48,5,0.033610172510534816,0.005375926578166499,0.026794255271317454,0.039284586404381906,5,0.16053986543031212,0.005299887814502221,0.15417980976041865,0.16682323906442909,5,1.0,0.0,1.0,1.0,5,0.0,0.0,0.0,0.0,5,0.2464,0.025706030420895417,0.208,0.272,5,0.6528835210196674,0.013927997008827887,0.6341954875905067,0.6732389975935221,5,0.0,0.0,0.0,0.0,5,0.0,0.0,0.0,0.0,5,0.0,0.0,0.0,0.0,5,0.0,0.0,0.0,0.0,5
german_synth_m05,Random Forest,mediation_aware_recourse,5.974245254898071,0.03544988934496145,5.925642446517944,6.0204022483825685,5,17.6,10.358571330062848,8.0,31.0,5,0.878673473074141,0.005602346680191844,0.8731400255473788,0.8858183882515847,5,0.8037000000000001,0.00739594483484026,0.7955,0.811,5,0.02486364370584488,0.0032718456870415176,0.020589691400527955,0.02930500692129135,5,0.09669528325796126,0.0028997774063607945,0.09389197617769242,0.10067059099674225,5,0.11738217483758925,0.005451772416762906,0.11222794264554978,0.12529063189029693,5,0.8243197672037887,0.01741406398443158,0.8034965541947964,0.8488550287794723,5,0.2566756688681421,0.027841473544167227,0.21613012769584658,0.29109799228495314,5,250.0,0.0,250.0,250.0,5,0.016303814860688704,0.004362885655159929,0.01145728084101316,0.023162722156961656,5,0.9610555368962755,0.010386602316131623,0.9448826679639817,0.9726515170103764,5,0.8593628879652103,0.009605135333221906,0.8488821794584934,0.8703911950121477,5,0.3597869489620347,0.0061896800394837725,0.350566071318785,0.3660818156296243,5,0.548,0.027568097504180426,0.516,0.592,5,0.02127927729016851,0.0011640687427674618,0.019761449786766482,0.023015045909657205,5,0.09190148876429236,0.005034204822668556,0.08557258738861657,0.09612603320778089,5,0.9152000000000001,0.01584929020492717,0.9,0.936,5,0.0848,0.01584929020492716,0.064,0.1,5,0.0648,0.03830404678359716,0.028,0.128,5,0.7230736459732057,0.015194281070254551,0.7108225870132446,0.7444428880214691,5,0.022948600979424083,0.020360010531883067,-0.0068616712889044695,0.046396865299833334,5,0.034278795110912884,0.005256320777520356,0.028400919726549973,0.041710485957108544,5,0.07019012495353819,0.026499048082809916,0.042017069205641744,0.11024740043096244,5,-0.0848,0.01584929020492716,-0.1,-0.064,5
german_synth,Logistic Reg.,ordinary_actionable_recourse,5.879504442214966,0.04194530122311786,5.835034286499024,5.940785224914551,5,18.0,3.391164991562634,14.0,22.0,5,0.8836932063410481,0.007773428479087331,0.8740576904726203,0.8913623330652382,5,0.8194000000000001,0.007205900360121546,0.811,0.827,5,0.03730419194698334,0.00334442928413005,0.03357747530937195,0.04102656000852585,5,0.1907919726371765,0.003783786958348505,0.1852363448739052,0.19448569124937057,5,0.2186853280067444,0.004365755324938099,0.214181227684021,0.22526595729589463,5,0.8724962916357996,0.010049515811454617,0.8604192614092413,0.8817395808349784,5,0.19561433098815367,0.01845736499274971,0.17779776538662934,0.21929316641925986,5,250.0,0.0,250.0,250.0,5,0.12421936903146391,0.01353600336650805,0.10170130491475282,0.1382430086412321,5,0.7622855718747086,0.024413110153097498,0.7366193059378674,0.8025189394646021,5,0.7242288704593864,0.012659024001201656,0.7156158733098044,0.7457898506319779,5,0.3782305353693645,0.007236806341268707,0.36689922909674855,0.38418216833274177,5,0.156,0.046043457732885346,0.084,0.208,5,0.009921286908893545,0.00345480970333032,0.005512130888401198,0.014607533363607449,5,0.18130950349645197,0.004955847793868741,0.1724867349940024,0.18418588403071437,5,1.0,0.0,1.0,1.0,5,0.0,0.0,0.0,0.0,5,0.1984,0.011523888232710347,0.184,0.216,5,0.6569499692358077,0.005231913094067811,0.6495203235149384,0.6622698061056436,5,0.0,0.0,0.0,0.0,5,0.0,0.0,0.0,0.0,5,0.0,0.0,0.0,0.0,5,0.0,0.0,0.0,0.0,5
german_synth,Logistic Reg.,mediation_aware_recourse,5.879504442214966,0.04194530122311786,5.835034286499024,5.940785224914551,5,18.0,3.391164991562634,14.0,22.0,5,0.8836932063410481,0.007773428479087331,0.8740576904726203,0.8913623330652382,5,0.8194000000000001,0.007205900360121546,0.811,0.827,5,0.03730419194698334,0.00334442928413005,0.03357747530937195,0.04102656000852585,5,0.1907919726371765,0.003783786958348505,0.1852363448739052,0.19448569124937057,5,0.2186853280067444,0.004365755324938099,0.214181227684021,0.22526595729589463,5,0.8724962916357996,0.010049515811454617,0.8604192614092413,0.8817395808349784,5,0.19561433098815367,0.01845736499274971,0.17779776538662934,0.21929316641925986,5,250.0,0.0,250.0,250.0,5,0.002696972073156571,0.004838408374136769,-0.003141238302940066,0.009006137720189034,5,0.9924158819694042,0.006906166007811061,0.9828414989887955,0.9987467652255612,5,0.914859666119287,0.007527873088507445,0.9081722757090221,0.9276445802637537,5,0.47784988811919893,0.01024521245741395,0.46770209394562445,0.49127648797762347,5,0.5144,0.03683476618630829,0.456,0.548,5,0.020872809013130014,0.00203353428357511,0.01888629783375025,0.023247980049331034,5,0.07512592710336437,0.0035429351220346524,0.06988457753987595,0.07948154205472446,5,0.9856,0.00669328021227261,0.98,0.996,5,0.0144,0.006693280212272605,0.004,0.02,5,0.06000000000000001,0.016,0.036,0.076,5,0.7483471069335937,0.01726588432003727,0.7274084744453431,0.7706972975730896,5,0.23013031009469592,0.019638973628555656,0.19593803336400817,0.24622219305092807,5,0.0996193527498344,0.009211476892177918,0.08362576381139755,0.10709431964488166,5,0.0913971376977861,0.015594144768957754,0.07316296963393688,0.11322282512485982,5,-0.0144,0.006693280212272605,-0.02,-0.004,5
german_synth,MLP (64--32),ordinary_actionable_recourse,5.879504442214966,0.04194530122311786,5.835034286499024,5.940785224914551,5,18.0,3.391164991562634,14.0,22.0,5,0.8850539114486947,0.005156870849438114,0.8795661400184487,0.8913052999700148,5,0.818,0.006383572667401853,0.8105,0.8275,5,0.040714496195316315,0.01036316935558716,0.02986064141988754,0.05285572564601898,5,0.1854665103197098,0.01559517554226428,0.15989985090494155,0.20056989163160324,5,0.2185985764741898,0.011974847552299106,0.19828560370206832,0.22863272875547408,5,0.8480576599268563,0.048494500879988724,0.8007316971354508,0.9195682650506587,5,0.2239415391550231,0.07345940486536702,0.148878982667718,0.31463274030641314,5,250.0,0.0,250.0,250.0,5,0.09784830717612802,0.010321244724869283,0.08586034119882993,0.11436547305691433,5,0.8061016997547608,0.025182766242532094,0.7678010041902172,0.8385846105135235,5,0.7613667345355715,0.012376539344205255,0.7437348156459133,0.7754225265917916,5,0.3853783348257493,0.01711338965079596,0.36631331554043833,0.41246403405672766,5,0.1704,0.04635515073861803,0.096,0.208,5,0.011399297677536504,0.004139776248542469,0.005926685918575085,0.016798640122239958,5,0.1678378142653604,0.007346014589002994,0.15528477825230816,0.17446157271707288,5,1.0,0.0,1.0,1.0,5,0.0,0.0,0.0,0.0,5,0.2344,0.04821617985697332,0.164,0.288,5,0.6451621974881738,0.012156704624167628,0.6312831610981375,0.6614397550560533,5,0.0,0.0,0.0,0.0,5,0.0,0.0,0.0,0.0,5,0.0,0.0,0.0,0.0,5,0.0,0.0,0.0,0.0,5
german_synth,MLP (64--32),mediation_aware_recourse,5.879504442214966,0.04194530122311786,5.835034286499024,5.940785224914551,5,18.0,3.391164991562634,14.0,22.0,5,0.8850539114486947,0.005156870849438114,0.8795661400184487,0.8913052999700148,5,0.818,0.006383572667401853,0.8105,0.8275,5,0.040714496195316315,0.01036316935558716,0.02986064141988754,0.05285572564601898,5,0.1854665103197098,0.01559517554226428,0.15989985090494155,0.20056989163160324,5,0.2185985764741898,0.011974847552299106,0.19828560370206832,0.22863272875547408,5,0.8480576599268563,0.048494500879988724,0.8007316971354508,0.9195682650506587,5,0.2239415391550231,0.07345940486536702,0.148878982667718,0.31463274030641314,5,250.0,0.0,250.0,250.0,5,0.0037507775811874747,0.004263466972726188,-0.0028120393437208904,0.008426206142210766,5,0.9902842983394766,0.00506794272547548,0.9830604270805404,0.9947134332384392,5,0.9123306116294163,0.0044106947766327865,0.9056322893466758,0.9164578820859021,5,0.46169283930032623,0.01590584959799376,0.44862866892405795,0.48748379383519114,5,0.4944,0.046870033070182504,0.428,0.536,5,0.02029081023771829,0.002713814732807964,0.016673023031115654,0.023624950504283603,5,0.07211993983287979,0.002371903424566898,0.06949663031498486,0.07569988200755656,5,0.9864,0.0021908902300206666,0.984,0.988,5,0.013600000000000001,0.0021908902300206644,0.012,0.016,5,0.06,0.01058300524425836,0.048,0.076,5,0.736603887796402,0.005478699233744915,0.7330898990631104,0.7462063934803009,5,0.18418259858471575,0.022732632379084294,0.15612882272491568,0.219109166786583,5,0.076314504474577,0.004097234912471331,0.07228259105371913,0.08231535338361959,5,0.09144169030822814,0.012778497799912053,0.0743527561686933,0.10180673796497286,5,-0.013600000000000001,0.0021908902300206644,-0.016,-0.012,5
german_synth,Random Forest,ordinary_actionable_recourse,5.879504442214966,0.04194530122311786,5.835034286499024,5.940785224914551,5,18.0,3.391164991562634,14.0,22.0,5,0.8845777716692697,0.005971763365611255,0.8780041441171259,0.88982078511026,5,0.8170999999999999,0.005481788029466288,0.811,0.8235,5,0.03042801773548126,0.0020238784492980673,0.02886100459098816,0.033525477826595304,5,0.18181713466644286,0.003345055578804722,0.17747348994016648,0.1864329048395157,5,0.20266381998062136,0.004241038278606303,0.19863085079193116,0.2091388475894928,5,0.8971886096057003,0.006239278029659544,0.8913465702286093,0.9064421349580164,5,0.16733760060918992,0.010255686116856363,0.15843867418593138,0.17982596932368003,5,250.0,0.0,250.0,250.0,5,0.10626271111113421,0.005530480843210162,0.10060821636181054,0.11351262584204748,5,0.7871533996097938,0.011955710138778,0.7712538929744934,0.7988385251980044,5,0.7549469146185631,0.012723794432290863,0.7331304718819388,0.7664258972944729,5,0.37699294800798716,0.007890842390846142,0.3638075682698229,0.3849527968079098,5,0.1496,0.029065443399335922,0.104,0.18,5,0.008040462723356366,0.002143779414963451,0.0047842093072824835,0.009763796721988837,5,0.1733926829650865,0.002031795217965353,0.17185883319561987,0.17680724805679696,5,1.0,0.0,1.0,1.0,5,0.0,0.0,0.0,0.0,5,0.2408,0.04475712233823797,0.188,0.292,5,0.653265234868601,0.010016498251017266,0.6441052073426544,0.667766907395795,5,0.0,0.0,0.0,0.0,5,0.0,0.0,0.0,0.0,5,0.0,0.0,0.0,0.0,5,0.0,0.0,0.0,0.0,5
german_synth,Random Forest,mediation_aware_recourse,5.879504442214966,0.04194530122311786,5.835034286499024,5.940785224914551,5,18.0,3.391164991562634,14.0,22.0,5,0.8845777716692697,0.005971763365611255,0.8780041441171259,0.88982078511026,5,0.8170999999999999,0.005481788029466288,0.811,0.8235,5,0.03042801773548126,0.0020238784492980673,0.02886100459098816,0.033525477826595304,5,0.18181713466644286,0.003345055578804722,0.17747348994016648,0.1864329048395157,5,0.20266381998062136,0.004241038278606303,0.19863085079193116,0.2091388475894928,5,0.8971886096057003,0.006239278029659544,0.8913465702286093,0.9064421349580164,5,0.16733760060918992,0.010255686116856363,0.15843867418593138,0.17982596932368003,5,250.0,0.0,250.0,250.0,5,-0.006600851859753318,0.004718881239044088,-0.012372898904036025,-0.0015464902647106162,5,0.9867995064887592,0.009427743879970594,0.9752588221754259,0.996883574624574,5,0.9171558242484892,0.004881175011122759,0.9095796212732602,0.9225481768328575,5,0.4579760592995646,0.004242883629342456,0.4529200527693924,0.4633683466536064,5,0.5912,0.030119760955226716,0.556,0.632,5,0.023980688563011398,0.002126612059195494,0.02164719594115523,0.026277111729447453,5,0.07032453275548106,0.003681971456545693,0.06647856669681998,0.07444429628117004,5,0.9896,0.006066300355241246,0.98,0.996,5,0.0104,0.00606630035524124,0.004,0.02,5,0.18880000000000002,0.032298606781098166,0.148,0.228,5,0.7474685984611511,0.010868033471488603,0.7367107734680176,0.7618019390106201,5,0.1996461068789654,0.020502371316044318,0.17974486034118775,0.22562968165008057,5,0.08098311129157745,0.005855571298564729,0.07523175282395851,0.0906830336574271,5,0.09420336359255015,0.015167110297062062,0.0689438660722226,0.10807624194771051,5,-0.0104,0.00606630035524124,-0.02,-0.004,5
german_synth_m2,Logistic Reg.,ordinary_actionable_recourse,5.38599835319519,0.04510118418474497,5.309290260314941,5.4205576553344725,5,23.4,7.635443667528429,14.0,33.0,5,0.903896529627078,0.005334858513246175,0.8964575139578556,0.9086791793843865,5,0.8557,0.006379655163094639,0.8475,0.8635,5,0.04564781799316406,0.007516276272265229,0.03522172886133194,0.05328487575054169,5,0.3121554922103882,0.012450385259034242,0.29062553310394285,0.32198474299907687,5,0.3335264988183975,0.01141929565057883,0.31580749070644376,0.3449735367298126,5,0.9358133339692,0.011706113700413174,0.9202616836409729,0.9493876053175787,5,0.14677588537221617,0.02765193156525576,0.11118252707673297,0.18334547271689386,5,250.0,0.0,250.0,250.0,5,0.25296472610720533,0.013807524572843443,0.23480643975499124,0.27011249665361503,5,0.6176568952137583,0.018256832527108538,0.5944499098824669,0.640092399259818,5,0.6162159671178701,0.01785529070702417,0.5935322080130161,0.6385784632741409,5,0.4075377564448031,0.009654042148888146,0.39531606688649945,0.4178586789552709,5,0.014400000000000001,0.005366563145999495,0.012,0.024,5,0.0004758074525837377,0.00021115115872542386,0.00022908185155269978,0.0007409073631973949,5,0.2639478010981958,0.013326894340962289,0.24598875360131645,0.28157415577026257,5,1.0,0.0,1.0,1.0,5,0.0,0.0,0.0,0.0,5,0.2048,0.016589153082662178,0.184,0.228,5,0.6824699728581123,0.007403754612101128,0.6707472012862563,0.6888203986585141,5,0.0,0.0,0.0,0.0,5,0.0,0.0,0.0,0.0,5,0.0,0.0,0.0,0.0,5,0.0,0.0,0.0,0.0,5
german_synth_m2,Logistic Reg.,mediation_aware_recourse,5.38599835319519,0.04510118418474497,5.309290260314941,5.4205576553344725,5,23.4,7.635443667528429,14.0,33.0,5,0.903896529627078,0.005334858513246175,0.8964575139578556,0.9086791793843865,5,0.8557,0.006379655163094639,0.8475,0.8635,5,0.04564781799316406,0.007516276272265229,0.03522172886133194,0.05328487575054169,5,0.3121554922103882,0.012450385259034242,0.29062553310394285,0.32198474299907687,5,0.3335264988183975,0.01141929565057883,0.31580749070644376,0.3449735367298126,5,0.9358133339692,0.011706113700413174,0.9202616836409729,0.9493876053175787,5,0.14677588537221617,0.02765193156525576,0.11118252707673297,0.18334547271689386,5,250.0,0.0,250.0,250.0,5,0.029680335143393844,0.003713755055934305,0.025917554042143246,0.035278178919983055,5,0.9551415142887674,0.005443882972937138,0.9469629425236369,0.9611245113797768,5,0.9329863457958183,0.002939621185245537,0.9292628563622486,0.9369391446354748,5,0.6171137752890541,0.004259860086258204,0.6112661815601961,0.6209939190619025,5,0.2576,0.040059955067373705,0.192,0.292,5,0.007329993512364001,0.001846408451877926,0.004762998468229953,0.00988482021027655,5,0.06448867075113822,0.0015258482812481509,0.06282462218740915,0.06625759773567734,5,1.0,0.0,1.0,1.0,5,0.0,0.0,0.0,0.0,5,0.2448,0.02971868099361073,0.212,0.288,5,0.8271531389236451,0.01931697750755283,0.8050194201469422,0.8553607745170593,5,0.337484619075009,0.014697621693308698,0.3182520889623902,0.3585923346071428,5,0.20957601884425095,0.011655600940047929,0.19465276423518066,0.22360997035524394,5,0.14468316606553272,0.024232191903396247,0.1249546236419119,0.18461357323080302,5,0.0,0.0,0.0,0.0,5
german_synth_m2,MLP (64--32),ordinary_actionable_recourse,5.38599835319519,0.04510118418474497,5.309290260314941,5.4205576553344725,5,23.4,7.635443667528429,14.0,33.0,5,0.9047064319108118,0.00402149410130579,0.8988770443259989,0.9083416827623338,5,0.8558,0.006270964838045239,0.8475,0.864,5,0.057220020163059236,0.013912550090612073,0.046427121877670285,0.08111482870578766,5,0.3015794518709182,0.022544778472177902,0.27569894552230834,0.31936164528131483,5,0.33186828997135165,0.01975720509917598,0.3064173401594162,0.35571013373136523,5,0.9083129714715316,0.028331645888614827,0.8676252477555815,0.9414462156792952,5,0.1927584831601801,0.060384620276320085,0.14537475793868174,0.2942152301384998,5,250.0,0.0,250.0,250.0,5,0.2390224003214442,0.01773545124465948,0.21903610362091605,0.25890938738346087,5,0.6371787236844082,0.020660499211513497,0.6202160026764765,0.6653772058906212,5,0.6344811013173749,0.01920107436075131,0.6186424575315033,0.6611247266865621,5,0.4180727389012091,0.024842896408464973,0.3814105475584859,0.44828558996756357,5,0.022400000000000003,0.014310835055998655,0.008,0.04,5,0.0008848189544165576,0.0005544585127714401,0.00024547655775966024,0.0014685023585062934,5,0.2540629509086164,0.018375786977053055,0.234104558683198,0.2771692798713182,5,1.0,0.0,1.0,1.0,5,0.0,0.0,0.0,0.0,5,0.2424,0.022733235581412523,0.216,0.276,5,0.6655544478458353,0.006113331163505748,0.6578730259947478,0.6719497620379552,5,0.0,0.0,0.0,0.0,5,0.0,0.0,0.0,0.0,5,0.0,0.0,0.0,0.0,5,0.0,0.0,0.0,0.0,5
german_synth_m2,MLP (64--32),mediation_aware_recourse,5.38599835319519,0.04510118418474497,5.309290260314941,5.4205576553344725,5,23.4,7.635443667528429,14.0,33.0,5,0.9047064319108118,0.00402149410130579,0.8988770443259989,0.9083416827623338,5,0.8558,0.006270964838045239,0.8475,0.864,5,0.057220020163059236,0.013912550090612073,0.046427121877670285,0.08111482870578766,5,0.3015794518709182,0.022544778472177902,0.27569894552230834,0.31936164528131483,5,0.33186828997135165,0.01975720509917598,0.3064173401594162,0.35571013373136523,5,0.9083129714715316,0.028331645888614827,0.8676252477555815,0.9414462156792952,5,0.1927584831601801,0.060384620276320085,0.14537475793868174,0.2942152301384998,5,250.0,0.0,250.0,250.0,5,0.025179007829447757,0.005652494098633543,0.01839459302770584,0.03184566481837458,5,0.9615682480912542,0.009599760202791895,0.9483467867601569,0.9730918993664878,5,0.9351801801952753,0.0068289180074011906,0.927946562122561,0.9447577800107898,5,0.616310666494641,0.034305270203444586,0.573029866368166,0.6458439824405027,5,0.27840000000000004,0.06545838372584523,0.192,0.348,5,0.008687551403698826,0.002591935960821312,0.005826356045247588,0.011460674826640623,5,0.059532911638611366,0.0029586669187061897,0.055590702269166535,0.06276126626709556,5,1.0,0.0,1.0,1.0,5,0.0,0.0,0.0,0.0,5,0.22960000000000003,0.07192218016717791,0.108,0.3,5,0.8555440104007722,0.04683543028278854,0.8068606152534484,0.9300091760158539,5,0.3243895244068459,0.01950091690427325,0.3008512990339006,0.35183144745987904,5,0.1982379275934319,0.019513177161553055,0.17649885484815775,0.2227120025530516,5,0.18998956255493687,0.0448679113962202,0.13567541019851342,0.25805941397789867,5,0.0,0.0,0.0,0.0,5
german_synth_m2,Random Forest,ordinary_actionable_recourse,5.38599835319519,0.04510118418474497,5.309290260314941,5.4205576553344725,5,23.4,7.635443667528429,14.0,33.0,5,0.9049637005050309,0.004285367010397133,0.8992288379673921,0.9098649011181469,5,0.8557,0.0038503246616356742,0.8495,0.859,5,0.05878242641687394,0.00516158575251289,0.0514860063791275,0.06587797027826309,5,0.3000929689645767,0.011230683317397822,0.2808964639902115,0.3098955050110817,5,0.3228207814693451,0.011310538680323685,0.3052810119390488,0.33442255181074143,5,0.9295925360364254,0.012625188973779686,0.9159519952404411,0.9452734309197227,5,0.1960464979599735,0.017635537642862534,0.16845363128127952,0.21258123855622663,5,250.0,0.0,250.0,250.0,5,0.2339639949045147,0.013013376144421785,0.21437092041541608,0.24962208921062354,5,0.6300274507854022,0.017819438321087525,0.6110463378782375,0.6589015904137561,5,0.6281359711980817,0.017347751846719696,0.6094968884224639,0.6562446164525602,5,0.3970615178055924,0.009048726806490034,0.3906824258803923,0.41243159889617514,5,0.019200000000000002,0.005215361924162119,0.012,0.024,5,0.0005968022029444756,0.00017236438829874805,0.0004057324822183999,0.0008349173399433978,5,0.24825430303426063,0.011457566692701402,0.23156361355061994,0.26285957775731444,5,1.0,0.0,1.0,1.0,5,0.0,0.0,0.0,0.0,5,0.26959999999999995,0.09873601166747623,0.184,0.436,5,0.6857281918570399,0.012588289586969417,0.673046488545835,0.7041323446184397,5,0.0,0.0,0.0,0.0,5,0.0,0.0,0.0,0.0,5,0.0,0.0,0.0,0.0,5,0.0,0.0,0.0,0.0,5
german_synth_m2,Random Forest,mediation_aware_recourse,5.38599835319519,0.04510118418474497,5.309290260314941,5.4205576553344725,5,23.4,7.635443667528429,14.0,33.0,5,0.9049637005050309,0.004285367010397133,0.8992288379673921,0.9098649011181469,5,0.8557,0.0038503246616356742,0.8495,0.859,5,0.05878242641687394,0.00516158575251289,0.0514860063791275,0.06587797027826309,5,0.3000929689645767,0.011230683317397822,0.2808964639902115,0.3098955050110817,5,0.3228207814693451,0.011310538680323685,0.3052810119390488,0.33442255181074143,5,0.9295925360364254,0.012625188973779686,0.9159519952404411,0.9452734309197227,5,0.1960464979599735,0.017635537642862534,0.16845363128127952,0.21258123855622663,5,250.0,0.0,250.0,250.0,5,0.025730576146502804,0.0031708930273731625,0.0225661998198129,0.029357640545374538,5,0.9593139938872761,0.004868164330010653,0.9536827308466816,0.9637739344078624,5,0.9329507249059764,0.004024493592988736,0.9286028053276313,0.9385258403289293,5,0.5898417384515707,0.008258180022895047,0.5814874100078575,0.602325685180778,5,0.268,0.03588871688985271,0.224,0.308,5,0.008323401258961263,0.001690254123834206,0.0062600151751093435,0.010577312288812982,5,0.06100355497293068,0.003270062535596628,0.05682274254828935,0.06547233892310265,5,1.0,0.0,1.0,1.0,5,0.0,0.0,0.0,0.0,5,0.544,0.10740577265678042,0.388,0.644,5,0.8289916796207427,0.04415132858439796,0.7861797347068786,0.8964153044223785,5,0.32928654310187405,0.017515207813745652,0.30336160497442644,0.3514355432691495,5,0.1927802206459783,0.014625293255859761,0.17116959209117152,0.21116369990613904,5,0.14326348776370287,0.05391637810577822,0.08204739008843899,0.21724235555529595,5,0.0,0.0,0.0,0.0,5
bar,Logistic Reg.,ordinary_actionable_recourse,2.1738203767787714,0.37918028095996315,1.5829125321399213,2.5050169021313633,5,96.6,3.4351128074635335,92.0,100.0,5,0.7691966749034245,0.010480891370338164,0.7583640181131603,0.7855863584006066,5,0.9031291789248461,0.0015058238309986025,0.9010430596416154,0.9050548274939824,5,0.1176309539079666,0.009006059026949944,0.10963768005371094,0.13111851716041564,5,0.21398000371456147,0.009656619396941818,0.20463362324237824,0.23031747603416444,5,0.2715779073476791,0.005824430231303153,0.26577818143367765,0.28112978088855745,5,0.7877414916340634,0.024622465899654018,0.7540652594139384,0.8192567692622522,5,0.5516951564130299,0.06239395379336805,0.47602848876933546,0.6407476693363942,5,40.0,5.291502622129181,35.0,46.0,5,0.35132008062903614,0.008994773098042213,0.33819630942834783,0.3621731750589923,5,0.2914325932358274,0.01523570374484711,0.27326099754841493,0.30940751145763956,5,0.2914325932358274,0.01523570374484711,0.27326099754841493,0.30940751145763956,5,0.14473479132653408,0.012127998463319786,0.13164942599226964,0.15790268001638258,5,0.0,0.0,0.0,0.0,5,0.0,0.0,0.0,0.0,5,0.3532283139093201,0.008970730823710601,0.34015486899532177,0.3641638497081532,5,1.0,0.0,1.0,1.0,5,0.0,0.0,0.0,0.0,5,1.0,0.0,1.0,1.0,5,0.8618542623621845,0.13773808256118253,0.7179466818592378,1.0645981627649495,5,0.0,0.0,0.0,0.0,5,0.0,0.0,0.0,0.0,5,0.0,0.0,0.0,0.0,5,0.0,0.0,0.0,0.0,5
bar,Logistic Reg.,mediation_aware_recourse,2.1738203767787714,0.37918028095996315,1.5829125321399213,2.5050169021313633,5,96.6,3.4351128074635335,92.0,100.0,5,0.7691966749034245,0.010480891370338164,0.7583640181131603,0.7855863584006066,5,0.9031291789248461,0.0015058238309986025,0.9010430596416154,0.9050548274939824,5,0.1176309539079666,0.009006059026949944,0.10963768005371094,0.13111851716041564,5,0.21398000371456147,0.009656619396941818,0.20463362324237824,0.23031747603416444,5,0.2715779073476791,0.005824430231303153,0.26577818143367765,0.28112978088855745,5,0.7877414916340634,0.024622465899654018,0.7540652594139384,0.8192567692622522,5,0.5516951564130299,0.06239395379336805,0.47602848876933546,0.6407476693363942,5,40.0,5.291502622129181,35.0,46.0,5,0.06253604239757196,0.00427792638644908,0.05859223697413825,0.06933065005567358,5,0.8738531171178495,0.008890678127074596,0.8584927884598765,0.8814908957742954,5,0.8736649977207518,0.008696497358536141,0.8584927884598765,0.8805502987888075,5,0.4334240125304859,0.01793390744199862,0.4112534984464793,0.4562182846388882,5,0.005128205128205128,0.011467015269229691,0.0,0.02564102564102564,5,4.740851375615819e-05,0.00010600865947100361,0.0,0.00023704256878079096,5,0.09794326058743827,0.0002522719099270081,0.09750200732622315,0.09811487678529597,5,1.0,0.0,1.0,1.0,5,0.0,0.0,0.0,0.0,5,1.0,0.0,1.0,1.0,5,6.09714175306802,0.4621077607730112,5.569508075714111,6.650336476734706,5,0.582420523882022,0.009575085888243568,0.5720833843166558,0.5950976062470827,5,0.2886892212039519,0.006795394554259427,0.2796040724542096,0.2983156046225056,5,5.2352874907058355,0.3301002332970248,4.851561393854873,5.585738313969757,5,0.0,0.0,0.0,0.0,5
bar,MLP (64--32),ordinary_actionable_recourse,2.1738203767787714,0.37918028095996315,1.5829125321399213,2.5050169021313633,5,96.6,3.4351128074635335,92.0,100.0,5,0.7687220758484938,0.004965873470155834,0.76231882922549,0.7736052318668252,5,0.9027012570205937,0.0016091584869207347,0.901577962021931,0.9053222786841402,5,0.12971116476058958,0.013837645747360107,0.11674879360198974,0.1506953912973404,5,0.21293839213848115,0.016781351490845496,0.191619837641716,0.2319178466796875,5,0.2768240320205688,0.008707132556298076,0.26258028531074523,0.2845284935235977,5,0.7684756206489385,0.04091886843709054,0.7297571385260224,0.8150953312535397,5,0.6119897095502043,0.07870408990685548,0.5119911176680398,0.7254352035412146,5,43.4,1.816590212458495,41.0,45.0,5,0.3209905682966793,0.02086796738165517,0.28712667633847494,0.3428603874312507,5,0.23865941761682175,0.052610920994948594,0.16092301722076063,0.29907475995704114,5,0.23865941761682175,0.052610920994948594,0.16092301722076063,0.29907475995704114,5,0.10324795249131458,0.03208473972008203,0.05506680796786052,0.13693473471535578,5,0.0,0.0,0.0,0.0,5,0.0,0.0,0.0,0.0,5,0.3231169714256112,0.0211087561259687,0.2887598375648987,0.3450149069527785,5,1.0,0.0,1.0,1.0,5,0.0,0.0,0.0,0.0,5,1.0,0.0,1.0,1.0,5,1.0391972426902134,0.10530040722078002,0.892878129126297,1.1546487683345648,5,0.0,0.0,0.0,0.0,5,0.0,0.0,0.0,0.0,5,0.0,0.0,0.0,0.0,5,0.0,0.0,0.0,0.0,5
bar,MLP (64--32),mediation_aware_recourse,2.1738203767787714,0.37918028095996315,1.5829125321399213,2.5050169021313633,5,96.6,3.4351128074635335,92.0,100.0,5,0.7687220758484938,0.004965873470155834,0.76231882922549,0.7736052318668252,5,0.9027012570205937,0.0016091584869207347,0.901577962021931,0.9053222786841402,5,0.12971116476058958,0.013837645747360107,0.11674879360198974,0.1506953912973404,5,0.21293839213848115,0.016781351490845496,0.191619837641716,0.2319178466796875,5,0.2768240320205688,0.008707132556298076,0.26258028531074523,0.2845284935235977,5,0.7684756206489385,0.04091886843709054,0.7297571385260224,0.8150953312535397,5,0.6119897095502043,0.07870408990685548,0.5119911176680398,0.7254352035412146,5,43.4,1.816590212458495,41.0,45.0,5,0.08319319535234437,0.05162110952442036,0.04621827469931709,0.17127329837985156,5,0.78957258188807,0.1659373344242106,0.4994840456210271,0.9002032508075622,5,0.787530914958645,0.16662407088640147,0.49657608974614476,0.8976012718703815,5,0.3401888716244875,0.0987929334906839,0.16992510237344882,0.41570073664188384,5,0.037144264949143004,0.034663515732931124,0.0,0.09090909090909091,5,0.00042822690558098724,0.0003790153841638164,0.0,0.0009322450919584794,5,0.1307219287510788,0.04338904823760209,0.09851044747895664,0.20314674408697503,5,0.8566525886038081,0.20204115638295764,0.5121951219512195,1.0,5,0.1433474113961919,0.2020411563829577,0.0,0.4878048780487805,5,0.9380318868123746,0.08322213771210694,0.8048780487804879,1.0,5,6.019286953897522,1.022886071956416,4.455208313174364,7.079166548592704,5,0.5509131642712483,0.1262716397587876,0.3385610284002665,0.6503025942475267,5,0.23694091913317297,0.07077142757738582,0.11485829440558828,0.29543707370758054,5,4.9800897112073095,1.0367303866435416,3.355358628147259,6.107264394007091,5,-0.1433474113961919,0.2020411563829577,-0.4878048780487805,0.0,5
bar,Random Forest,ordinary_actionable_recourse,2.1738203767787714,0.37918028095996315,1.5829125321399213,2.5050169021313633,5,96.6,3.4351128074635335,92.0,100.0,5,0.754783636363713,0.0107491766076516,0.7419791291267765,0.7682067009148509,5,0.9030756886868145,0.001622439249863945,0.9013105108317732,0.9050548274939824,5,0.13843371567726134,0.008973401486471997,0.13126606798171997,0.15379824268817902,5,0.1925616609096527,0.008942682473054258,0.18563971936702728,0.2078756992816925,5,0.27993737037181854,0.0049352753803772985,0.2742065615653992,0.2865036725997925,5,0.6877520570264926,0.025216351640268243,0.6552195409749592,0.7255603301534889,5,0.7210859867442905,0.07082259878269015,0.631464228071417,0.8284770264283009,5,38.2,4.147288270665544,33.0,43.0,5,0.3059886490554976,0.017155442658436847,0.2913552830755103,0.33309727486770857,5,0.28093791081630604,0.03584494515774261,0.23977230911054892,0.3167677999594378,5,0.28093791081630604,0.03584494515774261,0.23977230911054892,0.3167677999594378,5,0.11953091228733195,0.01537020209719726,0.10149116318812056,0.13638116286466756,5,0.0,0.0,0.0,0.0,5,0.0,0.0,0.0,0.0,5,0.30797688004610124,0.016494386594053716,0.29371932587679755,0.3340372138995351,5,1.0,0.0,1.0,1.0,5,0.0,0.0,0.0,0.0,5,1.0,0.0,1.0,1.0,5,0.6806025348249507,0.14659073282815904,0.49903253433959827,0.8808091132100239,5,0.0,0.0,0.0,0.0,5,0.0,0.0,0.0,0.0,5,0.0,0.0,0.0,0.0,5,0.0,0.0,0.0,0.0,5
bar,Random Forest,mediation_aware_recourse,2.1738203767787714,0.37918028095996315,1.5829125321399213,2.5050169021313633,5,96.6,3.4351128074635335,92.0,100.0,5,0.754783636363713,0.0107491766076516,0.7419791291267765,0.7682067009148509,5,0.9030756886868145,0.001622439249863945,0.9013105108317732,0.9050548274939824,5,0.13843371567726134,0.008973401486471997,0.13126606798171997,0.15379824268817902,5,0.1925616609096527,0.008942682473054258,0.18563971936702728,0.2078756992816925,5,0.27993737037181854,0.0049352753803772985,0.2742065615653992,0.2865036725997925,5,0.6877520570264926,0.025216351640268243,0.6552195409749592,0.7255603301534889,5,0.7210859867442905,0.07082259878269015,0.631464228071417,0.8284770264283009,5,38.2,4.147288270665544,33.0,43.0,5,0.06340309964302619,0.005543540058744513,0.05453169427397603,0.06799806423734019,5,0.8509842352532223,0.012836160302318001,0.8394082083691035,0.8717135354230552,5,0.8509842352532223,0.012836160302318001,0.8394082083691035,0.8717135354230552,5,0.3621164616998033,0.009895877871150196,0.3473412107648278,0.371582260581446,5,0.0,0.0,0.0,0.0,5,0.0,0.0,0.0,0.0,5,0.09394448850504103,0.0015365105600580863,0.09229409373420555,0.09585226799888942,5,1.0,0.0,1.0,1.0,5,0.0,0.0,0.0,0.0,5,1.0,0.0,1.0,1.0,5,4.433054593903049,0.7896747440983414,3.3478549097265518,5.2821527356054725,5,0.5700463244369163,0.033868683029072935,0.5252954530769308,0.6082896393082915,5,0.2425855494124714,0.015955185385108858,0.22616062853398536,0.26652491564309155,5,3.752452059078098,0.7571251072595561,2.8488223753869533,4.648814901573266,5,0.0,0.0,0.0,0.0,5
acs,Logistic Reg.,ordinary_actionable_recourse,-5.272419467034422,1.6814901889279905,-6.847907469725492,-2.976041822387611,5,53.4,26.726391451148057,27.0,87.0,5,0.8637043258292566,0.0011786793720552772,0.8619040366055992,0.8652083720686893,5,0.7822435950584528,0.0014634073299625015,0.7799850758643562,0.7835668684188707,5,0.07453710545320064,0.0013701730744845608,0.07312633576057852,0.07679127737507224,5,0.024381559895537794,0.014570714288212234,0.007757713854312897,0.04066228611860424,5,0.09726734514888376,0.014246337325699238,0.08221361261606216,0.11370627773180604,5,0.23737283367641257,0.11484436655614122,0.09436045452158204,0.3576081015905962,5,4.510554340720538,3.3721417388743635,1.830018569291007,9.898699387111343,5,250.0,0.0,250.0,250.0,5,-0.20910653352995184,0.011192335165249789,-0.22650874950177638,-0.19795364157273526,5,-0.058126818674358004,0.09059094369494682,-0.1826225065467364,0.02296799906831748,5,-0.027989759474907384,0.06530682667908456,-0.11389625745275356,0.0419879085909336,5,-0.005705730779123284,0.01375046377974675,-0.023652405543598827,0.009277691404115156,5,0.8104000000000001,0.033538038106007306,0.776,0.852,5,0.18267246806406479,0.009858654302622224,0.17141308067152083,0.19845731575820438,5,0.25706168682664915,0.010633918662622227,0.24382252613342387,0.2704037234037501,5,1.0,0.0,1.0,1.0,5,0.0,0.0,0.0,0.0,5,0.088,0.024979991993593593,0.052,0.12,5,0.6473386299908162,0.05766767281892766,0.5803048158884049,0.7250898170471192,5,0.0,0.0,0.0,0.0,5,0.0,0.0,0.0,0.0,5,0.0,0.0,0.0,0.0,5,0.0,0.0,0.0,0.0,5
acs,Logistic Reg.,mediation_aware_recourse,-5.272419467034422,1.6814901889279905,-6.847907469725492,-2.976041822387611,5,53.4,26.726391451148057,27.0,87.0,5,0.8637043258292566,0.0011786793720552772,0.8619040366055992,0.8652083720686893,5,0.7822435950584528,0.0014634073299625015,0.7799850758643562,0.7835668684188707,5,0.07453710545320064,0.0013701730744845608,0.07312633576057852,0.07679127737507224,5,0.024381559895537794,0.014570714288212234,0.007757713854312897,0.04066228611860424,5,0.09726734514888376,0.014246337325699238,0.08221361261606216,0.11370627773180604,5,0.23737283367641257,0.11484436655614122,0.09436045452158204,0.3576081015905962,5,4.510554340720538,3.3721417388743635,1.830018569291007,9.898699387111343,5,250.0,0.0,250.0,250.0,5,0.10477566430611855,0.015785365498508334,0.08347150863698513,0.12396952146525621,5,0.47224380369134833,0.06628238277923809,0.40046716296987317,0.5610225822476074,5,0.36984568597067863,0.047690628445702446,0.3130720082767475,0.42349808233338715,5,0.07873393004683722,0.009342887699102806,0.06917671247587322,0.08848285878118325,5,0.172,0.02116601048851673,0.152,0.196,5,0.007279173714593584,0.001202369273656925,0.005891301970378409,0.009097762360314371,5,0.18184319719619157,0.013434293117759209,0.16658844427447353,0.19793610636212952,5,0.2752,0.04394542069431126,0.224,0.328,5,0.7247999999999999,0.04394542069431126,0.672,0.776,5,0.020800000000000003,0.006572670690061994,0.016,0.032,5,0.22867758617401127,0.03325712668618371,0.18835485339164734,0.27142594194412234,5,0.5303706223657063,0.12941298744278304,0.38367427651534836,0.6830837593046439,5,0.08443966082596048,0.017795171455590845,0.05989902107175805,0.1043602589205058,5,-0.4186610438168049,0.035295460523598395,-0.4536638751029968,-0.370730148434639,5,-0.7247999999999999,0.04394542069431126,-0.776,-0.672,5
acs,MLP (64--32),ordinary_actionable_recourse,-5.272419467034422,1.6814901889279905,-6.847907469725492,-2.976041822387611,5,53.4,26.726391451148057,27.0,87.0,5,0.8794483802906473,0.0008962990065359218,0.8780643398988669,0.8802537210110131,5,0.79505181991543,0.0009936702477268172,0.7937318630295995,0.796285548461985,5,0.06569064732082189,0.008056149245110389,0.05879958253307268,0.07936452700151131,5,0.00971095881545916,0.011961846368130082,-0.007330320705194026,0.022151615804992617,5,0.09974982457906008,0.010789944561201168,0.0830959043558687,0.1077281575598754,5,0.12500253209305284,0.07001819175284056,0.029376874639457335,0.20779640482132278,5,9.06688978572404,9.387030810714455,2.7853836566972077,25.289168124137273,5,250.0,0.0,250.0,250.0,5,-0.20223494017861393,0.01389924865113559,-0.22516704392801012,-0.18745370314449958,5,0.003969543485409699,0.06348455604521008,-0.078670751035808,0.07314563619962022,5,0.02343258398267467,0.044618465658177536,-0.04544173931108264,0.07611736285708515,5,0.005062418330177736,0.009752904169397628,-0.009950890334248171,0.016603247516737165,5,0.8096,0.04200952272997158,0.76,0.868,5,0.18270935253251813,0.016394190615984777,0.1610284741051816,0.2066652000035001,5,0.2711312119914405,0.00850057825945352,0.2635625169135798,0.28489500209579105,5,0.9911999999999999,0.010733126291999,0.976,1.0,5,0.008799999999999999,0.010733126291998992,0.0,0.024,5,0.11839999999999999,0.016395121225535363,0.1,0.14,5,1.1045206032156945,0.16990512375445913,0.9317000956237316,1.3722671510875224,5,0.0,0.0,0.0,0.0,5,0.0,0.0,0.0,0.0,5,0.0,0.0,0.0,0.0,5,0.0,0.0,0.0,0.0,5
acs,MLP (64--32),mediation_aware_recourse,-5.272419467034422,1.6814901889279905,-6.847907469725492,-2.976041822387611,5,53.4,26.726391451148057,27.0,87.0,5,0.8794483802906473,0.0008962990065359218,0.8780643398988669,0.8802537210110131,5,0.79505181991543,0.0009936702477268172,0.7937318630295995,0.796285548461985,5,0.06569064732082189,0.008056149245110389,0.05879958253307268,0.07936452700151131,5,0.00971095881545916,0.011961846368130082,-0.007330320705194026,0.022151615804992617,5,0.09974982457906008,0.010789944561201168,0.0830959043558687,0.1077281575598754,5,0.12500253209305284,0.07001819175284056,0.029376874639457335,0.20779640482132278,5,9.06688978572404,9.387030810714455,2.7853836566972077,25.289168124137273,5,250.0,0.0,250.0,250.0,5,0.10871494656982597,0.011677220283059786,0.09120292562263156,0.12092061424515115,5,0.464047881457953,0.06308250631901169,0.37618411191191614,0.5490522289680467,5,0.3843431944271672,0.05039405372671331,0.30811619528090417,0.4443265152469269,5,0.08313957116422543,0.011909530111351584,0.06477006383528326,0.0969195835744502,5,0.1608,0.032298606781098166,0.108,0.196,5,0.005807975484869324,0.0011709048006874583,0.004284942241411276,0.00734577090285887,5,0.18185699205952546,0.008235242934583121,0.1735912568063462,0.1930536551908496,5,0.276,0.03136877428271624,0.228,0.304,5,0.724,0.03136877428271627,0.696,0.772,5,0.019200000000000002,0.006572670690061994,0.012,0.028,5,0.27428768453598024,0.021710486375848524,0.24254978132247926,0.3018363306522369,5,0.4600783379725433,0.0430910515738913,0.4158175186825951,0.518625591816953,5,0.07807715283404769,0.01040890290728026,0.06185137607126247,0.09073648916881354,5,-0.8302329186797142,0.18382320234230945,-1.1042298955619336,-0.6298637649714947,5,-0.7152000000000001,0.027770487932335677,-0.756,-0.692,5
acs,Random Forest,ordinary_actionable_recourse,-5.272419467034422,1.6814901889279905,-6.847907469725492,-2.976041822387611,5,53.4,26.726391451148057,27.0,87.0,5,0.8800618799716524,0.001171563955722576,0.8784223525825863,0.8816174482279846,5,0.7952640742890308,0.0008424106587968142,0.7941132576071636,0.7961363071055468,5,0.0561263694588095,0.002120522612980506,0.052612647181376815,0.057867384672164915,5,0.012717000137269499,0.012469569572459574,-0.0017890223301947118,0.02585004442743957,5,0.08620931261219084,0.01342197215290481,0.07087481383606792,0.10156573892384768,5,0.14216608506346923,0.11297763912140618,0.020773460227008975,0.25451539762657077,5,15.353078211593992,17.342151767818,2.2243125453636043,36.21927222437603,5,250.0,0.0,250.0,250.0,5,-0.2026813869333012,0.017032698432268453,-0.22495489940426228,-0.18019388358429683,5,-0.04394852421104005,0.12347927277939141,-0.19122405536460874,0.13141995065372103,5,-0.02018854416075868,0.10696529513795774,-0.13708091738855988,0.12824926651098378,5,-0.0033750071086337896,0.02214598555189633,-0.027194144629109376,0.02788547019153828,5,0.844,0.041182520563948,0.788,0.888,5,0.18187164547297166,0.011057246394647925,0.16896623468196106,0.19766187358727627,5,0.25834390598170137,0.010666854741847916,0.2442323195561928,0.2706942578887482,5,0.9872,0.011454256850621092,0.972,1.0,5,0.0128,0.011454256850621082,0.0,0.028,5,0.14,0.03286335345030996,0.1,0.184,5,1.0040095432817937,0.1408493474880122,0.8197642439305782,1.2142149213552476,5,0.0,0.0,0.0,0.0,5,0.0,0.0,0.0,0.0,5,0.0,0.0,0.0,0.0,5,0.0,0.0,0.0,0.0,5
acs,Random Forest,mediation_aware_recourse,-5.272419467034422,1.6814901889279905,-6.847907469725492,-2.976041822387611,5,53.4,26.726391451148057,27.0,87.0,5,0.8800618799716524,0.001171563955722576,0.8784223525825863,0.8816174482279846,5,0.7952640742890308,0.0008424106587968142,0.7941132576071636,0.7961363071055468,5,0.0561263694588095,0.002120522612980506,0.052612647181376815,0.057867384672164915,5,0.012717000137269499,0.012469569572459574,-0.0017890223301947118,0.02585004442743957,5,0.08620931261219084,0.01342197215290481,0.07087481383606792,0.10156573892384768,5,0.14216608506346923,0.11297763912140618,0.020773460227008975,0.25451539762657077,5,15.353078211593992,17.342151767818,2.2243125453636043,36.21927222437603,5,250.0,0.0,250.0,250.0,5,0.11224570403146897,0.017560630597669654,0.09569268072087288,0.1381896996049801,5,0.4211776433169862,0.10978532389655367,0.2561656484975946,0.5096980438580248,5,0.3299856348890393,0.08968004930269363,0.19725252832423523,0.39570724552525394,5,0.0682503298406613,0.021045995573491023,0.03763431085164955,0.08446701867793303,5,0.16319999999999998,0.04179952152836202,0.12,0.22,5,0.007150861582409291,0.0016581124462848064,0.004978098143398852,0.009476912026371818,5,0.18308849503151978,0.013079126144803114,0.16710679205173748,0.2010217146380256,5,0.26,0.06835202996254026,0.172,0.332,5,0.74,0.06835202996254024,0.668,0.828,5,0.0232,0.009959919678390985,0.016,0.04,5,0.2685726516723633,0.03167599837235923,0.23039915323257446,0.3147636339664459,5,0.46512616752802627,0.12376878200216561,0.33175913854286876,0.6072003307804679,5,0.0716253369492951,0.017515731584636998,0.05258814156150195,0.0946745435923348,5,-0.7354368916094303,0.1268135068290859,-0.9328009053468704,-0.5893650906980038,5,-0.7272,0.07809737511594099,-0.824,-0.648,5
adult,Logistic Reg.,ordinary_actionable_recourse,4.956099780542933,0.007996180481070243,4.944647556619133,4.964065096587881,5,16.4,3.1304951684997055,13.0,21.0,5,0.830369748239697,0.007424022623448193,0.822091877640627,0.8407424823540787,5,0.8049751243781094,0.0026568523694191293,0.8023217247097844,0.807739082365948,5,0.13735047796480357,0.0038568575023941467,0.13304733393527568,0.14109208321943878,5,0.03136031737085432,0.0016183017136942042,0.02882946157641709,0.03290743026137352,5,0.18274646381586787,0.005014437079130733,0.17638663872145116,0.1887950529064983,5,0.1715500369283793,0.005823384302425551,0.16344470185150714,0.17715233252509574,5,4.386451615379452,0.19116557205242568,4.1970347680158095,4.628413313067531,5,250.0,0.0,250.0,250.0,5,-0.24362387747380265,0.02102646925366534,-0.2743897512199525,-0.22185395320446583,5,-5.138957172662112,1.7111116835749,-7.244201902819867,-2.6179345399704457,5,-1.9982373012009766,0.2888201620071884,-2.3797844900993126,-1.6049308962606044,5,-0.16681300607947352,0.020441421608175265,-0.196051986166047,-0.14265753372635998,5,0.5328,0.04693825731745905,0.456,0.568,5,0.1832988762686839,0.017834948330454792,0.15297564516661946,0.1971523409159416,5,0.25455764501416683,0.01839936560937115,0.23620999901505937,0.28193598664166314,5,0.6952,0.04625148646259922,0.652,0.76,5,0.3048,0.046251486462599224,0.24,0.348,5,0.1552,0.043762998069145125,0.092,0.208,5,0.6497991869449616,0.051647705636313136,0.5815191770792008,0.7039166445732117,5,0.0,0.0,0.0,0.0,5,0.0,0.0,0.0,0.0,5,0.0,0.0,0.0,0.0,5,0.0,0.0,0.0,0.0,5
adult,Logistic Reg.,mediation_aware_recourse,4.956099780542933,0.007996180481070243,4.944647556619133,4.964065096587881,5,16.4,3.1304951684997055,13.0,21.0,5,0.830369748239697,0.007424022623448193,0.822091877640627,0.8407424823540787,5,0.8049751243781094,0.0026568523694191293,0.8023217247097844,0.807739082365948,5,0.13735047796480357,0.0038568575023941467,0.13304733393527568,0.14109208321943878,5,0.03136031737085432,0.0016183017136942042,0.02882946157641709,0.03290743026137352,5,0.18274646381586787,0.005014437079130733,0.17638663872145116,0.1887950529064983,5,0.1715500369283793,0.005823384302425551,0.16344470185150714,0.17715233252509574,5,4.386451615379452,0.19116557205242568,4.1970347680158095,4.628413313067531,5,250.0,0.0,250.0,250.0,5,0.042451499856604034,0.01252941659561192,0.027488873912243715,0.06132061007557039,5,0.0,0.0,0.0,0.0,5,0.0,0.0,0.0,0.0,5,0.0,0.0,0.0,0.0,5,0.0,0.0,0.0,0.0,5,0.0,0.0,0.0,0.0,5,0.10951511797213713,0.0010094831506691061,0.10827520427504958,0.11106333614990015,5,0.0,0.0,0.0,0.0,5,1.0,0.0,1.0,1.0,5,0.0128,0.005215361924162118,0.008,0.02,5,0.0,0.0,0.0,0.0,5,5.138957172662112,1.7111116835749,2.6179345399704457,7.244201902819867,5,0.16681300607947352,0.020441421608175265,0.14265753372635998,0.196051986166047,5,-0.6497991869449616,0.051647705636313136,-0.7039166445732117,-0.5815191770792008,5,-0.6952,0.04625148646259922,-0.76,-0.652,5
adult,MLP (64--32),ordinary_actionable_recourse,4.956099780542933,0.007996180481070243,4.944647556619133,4.964065096587881,5,16.4,3.1304951684997055,13.0,21.0,5,0.8437735102764238,0.00691166692817623,0.8361628583242978,0.8534051310149225,5,0.8115201768933111,0.0032995685462747777,0.8076285240464345,0.8149253731343283,5,0.13432556479843333,0.010182087091344069,0.11839914501365274,0.14552922408888117,5,0.025198173623974435,0.0023768986371637555,0.02323468153225258,0.029246348488610237,5,0.17522568527096882,0.008265528674049812,0.16159071835456415,0.18373369501391426,5,0.14404828319398058,0.014885336888285246,0.13263526906443043,0.16530474514707025,5,5.372686752369949,0.6890681252822345,4.502993139022535,5.977785452473557,5,250.0,0.0,250.0,250.0,5,-0.2470391527886568,0.026858587077002966,-0.27876878192101967,-0.21266902735833976,5,-5.183705772296993,0.9363677777535413,-6.013647479053623,-3.7294500395855037,5,-2.475670435436819,0.23671803661120816,-2.7758796730214406,-2.187935881637944,5,-0.18032598709342798,0.022414072288311417,-0.20849843236126525,-0.1531007026055173,5,0.5016,0.028649607327151976,0.46,0.528,5,0.19303225868635043,0.017557547535160787,0.1675658126974052,0.21455451384838958,5,0.25592272673156874,0.025736919701282956,0.2230875002571698,0.286271472528829,5,0.6432,0.043025573790479554,0.584,0.688,5,0.3568,0.04302557379047954,0.312,0.416,5,0.1312,0.061670089995069725,0.048,0.208,5,0.5302162125110627,0.062306687278735416,0.46188342106342317,0.6015880990028382,5,0.0,0.0,0.0,0.0,5,0.0,0.0,0.0,0.0,5,0.0,0.0,0.0,0.0,5,0.0,0.0,0.0,0.0,5
adult,MLP (64--32),mediation_aware_recourse,4.956099780542933,0.007996180481070243,4.944647556619133,4.964065096587881,5,16.4,3.1304951684997055,13.0,21.0,5,0.8437735102764238,0.00691166692817623,0.8361628583242978,0.8534051310149225,5,0.8115201768933111,0.0032995685462747777,0.8076285240464345,0.8149253731343283,5,0.13432556479843333,0.010182087091344069,0.11839914501365274,0.14552922408888117,5,0.025198173623974435,0.0023768986371637555,0.02323468153225258,0.029246348488610237,5,0.17522568527096882,0.008265528674049812,0.16159071835456415,0.18373369501391426,5,0.14404828319398058,0.014885336888285246,0.13263526906443043,0.16530474514707025,5,5.372686752369949,0.6890681252822345,4.502993139022535,5.977785452473557,5,250.0,0.0,250.0,250.0,5,0.04048191163012795,0.005856201872491067,0.03499562032391651,0.049452416370250774,5,0.0,0.0,0.0,0.0,5,0.0,0.0,0.0,0.0,5,0.0,0.0,0.0,0.0,5,0.0,0.0,0.0,0.0,5,0.0,0.0,0.0,0.0,5,0.09803368460753628,0.0075450851968951,0.08893773617814893,0.10540687749047546,5,0.0,0.0,0.0,0.0,5,1.0,0.0,1.0,1.0,5,0.0056,0.0021908902300206644,0.004,0.008,5,0.0,0.0,0.0,0.0,5,5.183705772296993,0.9363677777535413,3.7294500395855037,6.013647479053623,5,0.18032598709342798,0.022414072288311417,0.1531007026055173,0.20849843236126525,5,-0.5302162125110627,0.062306687278735416,-0.6015880990028382,-0.46188342106342317,5,-0.6432,0.043025573790479554,-0.688,-0.584,5
adult,Random Forest,ordinary_actionable_recourse,4.956099780542933,0.007996180481070243,4.944647556619133,4.964065096587881,5,16.4,3.1304951684997055,13.0,21.0,5,0.842671063476284,0.006220277707173552,0.8357494198577777,0.8511864505108455,5,0.8097954671088999,0.0016796134009802342,0.8081813156440022,0.8126036484245439,5,0.12638507405780255,0.003411937325280016,0.12255962600372731,0.13056307692267,5,0.02360128774754703,0.0017506036385250996,0.021673234080895783,0.025454224970191716,5,0.15907118110433222,0.0037190193431895953,0.15369669022783636,0.16353979923762382,5,0.14833197090316025,0.009801983057681334,0.13624844244775952,0.15838304265115782,5,5.378323812491603,0.41792917133980356,4.954105404470232,5.9179998669858715,5,250.0,0.0,250.0,250.0,5,-0.20228289830962667,0.014458586840112697,-0.21770190953408394,-0.18004406985834984,5,-4.715727986052313,0.6926698442586086,-5.783519316704172,-4.049490827094068,5,-1.834620990963452,0.029644333882667316,-1.8851706446919514,-1.8114957403816483,5,-0.1401025228234865,0.008020310301985741,-0.14955715808943124,-0.12872902680067622,5,0.44079999999999997,0.04023928428786972,0.392,0.484,5,0.15019446847123627,0.011316125657615752,0.13363806642663162,0.16190469410327177,5,0.22028960921320967,0.011497743952390409,0.2034115189717911,0.23253658726490528,5,0.5944,0.04257698909035255,0.54,0.648,5,0.4056,0.042576989090352554,0.352,0.46,5,0.1216,0.029475413483104868,0.088,0.164,5,0.4225956595897674,0.0631605903097148,0.3600067185163498,0.5176013637781143,5,0.0,0.0,0.0,0.0,5,0.0,0.0,0.0,0.0,5,0.0,0.0,0.0,0.0,5,0.0,0.0,0.0,0.0,5
adult,Random Forest,mediation_aware_recourse,4.956099780542933,0.007996180481070243,4.944647556619133,4.964065096587881,5,16.4,3.1304951684997055,13.0,21.0,5,0.842671063476284,0.006220277707173552,0.8357494198577777,0.8511864505108455,5,0.8097954671088999,0.0016796134009802342,0.8081813156440022,0.8126036484245439,5,0.12638507405780255,0.003411937325280016,0.12255962600372731,0.13056307692267,5,0.02360128774754703,0.0017506036385250996,0.021673234080895783,0.025454224970191716,5,0.15907118110433222,0.0037190193431895953,0.15369669022783636,0.16353979923762382,5,0.14833197090316025,0.009801983057681334,0.13624844244775952,0.15838304265115782,5,5.378323812491603,0.41792917133980356,4.954105404470232,5.9179998669858715,5,250.0,0.0,250.0,250.0,5,0.03575627228391102,0.004679414785388793,0.03157312826584615,0.041148477340348606,5,0.0,0.0,0.0,0.0,5,0.0,0.0,0.0,0.0,5,0.0,0.0,0.0,0.0,5,0.0,0.0,0.0,0.0,5,0.0,0.0,0.0,0.0,5,0.09919680877578707,0.0040120275290386346,0.09344077228105895,0.1026631892297887,5,0.0,0.0,0.0,0.0,5,1.0,0.0,1.0,1.0,5,0.0056,0.005366563145999495,0.0,0.012,5,0.0,0.0,0.0,0.0,5,4.715727986052313,0.6926698442586086,4.049490827094068,5.783519316704172,5,0.1401025228234865,0.008020310301985741,0.12872902680067622,0.14955715808943124,5,-0.4225956595897674,0.0631605903097148,-0.5176013637781143,-0.3600067185163498,5,-0.5944,0.04257698909035255,-0.648,-0.54,5
