method,is_ordinary_actionable_baseline,eta,lambda_invariance,rho_anchor,n,cost,cost_lo,cost_hi,shortfall,shortfall_lo,shortfall_hi,direct_effect,direct_effect_lo,direct_effect_hi,transport,transport_lo,transport_hi,pre_recourse_mediated_prediction_disparity,pre_recourse_mediated_prediction_disparity_lo,pre_recourse_mediated_prediction_disparity_hi,pre_recourse_factual_mediated_prediction_disparity,pre_recourse_factual_mediated_prediction_disparity_lo,pre_recourse_factual_mediated_prediction_disparity_hi,post_recourse_mediated_prediction_disparity,post_recourse_mediated_prediction_disparity_lo,post_recourse_mediated_prediction_disparity_hi,feasible_rate,feasible_rate_lo,feasible_rate_hi,factual_mediated_prediction_disparity_closure,factual_mediated_prediction_disparity_closure_lo,factual_mediated_prediction_disparity_closure_hi,factual_closure_gain_vs_actionable_baseline,factual_closure_gain_vs_actionable_baseline_lo,factual_closure_gain_vs_actionable_baseline_hi,cost_difference_vs_actionable_baseline,cost_difference_vs_actionable_baseline_lo,cost_difference_vs_actionable_baseline_hi,feasibility_difference_vs_actionable_baseline,feasibility_difference_vs_actionable_baseline_lo,feasibility_difference_vs_actionable_baseline_hi,is_effect_ratio_heuristic
ordinary_actionable_recourse,True,0.0,0.0,0.0,2,0.0,0.0,0.0,0.0,0.0,0.0,0.05951616600751794,0.05949714324234956,0.05953518877268632,0.6056666666666666,0.5926666666666667,0.6186666666666666,-0.001366734504699707,-0.002204596996307373,-0.000528872013092041,0.08688606276504923,0.08669487847924584,0.08707724705085262,0.08688606276504923,0.08669487847924584,0.08707724705085262,1.0,1.0,1.0,0.0,0.0,0.0,0.0,0.0,0.0,0.0,0.0,0.0,0.0,0.0,0.0,False
direct_invariance_only,False,0.0,0.5,0.0,2,0.0,0.0,0.0,0.0,0.0,0.0,0.05951616600751794,0.05949714324234956,0.05953518877268632,0.6056666666666666,0.5926666666666667,0.6186666666666666,-0.001366734504699707,-0.002204596996307373,-0.000528872013092041,0.08688606276504923,0.08669487847924584,0.08707724705085262,0.08688606276504923,0.08669487847924584,0.08707724705085262,1.0,1.0,1.0,0.0,0.0,0.0,0.0,0.0,0.0,0.0,0.0,0.0,0.0,0.0,0.0,False
direct_invariance_only,False,0.0,1.0,0.0,2,0.0,0.0,0.0,0.0,0.0,0.0,0.05951616600751794,0.05949714324234956,0.05953518877268632,0.6056666666666666,0.5926666666666667,0.6186666666666666,-0.001366734504699707,-0.002204596996307373,-0.000528872013092041,0.08688606276504923,0.08669487847924584,0.08707724705085262,0.08688606276504923,0.08669487847924584,0.08707724705085262,1.0,1.0,1.0,0.0,0.0,0.0,0.0,0.0,0.0,0.0,0.0,0.0,0.0,0.0,0.0,False
direct_invariance_only,False,0.0,2.0,0.0,2,0.0,0.0,0.0,0.0,0.0,0.0,0.05951616600751794,0.05949714324234956,0.05953518877268632,0.6056666666666666,0.5926666666666667,0.6186666666666666,-0.001366734504699707,-0.002204596996307373,-0.000528872013092041,0.08688606276504923,0.08669487847924584,0.08707724705085262,0.08688606276504923,0.08669487847924584,0.08707724705085262,1.0,1.0,1.0,0.0,0.0,0.0,0.0,0.0,0.0,0.0,0.0,0.0,0.0,0.0,0.0,False
direct_invariance_only,False,0.0,5.0,0.0,2,0.0,0.0,0.0,0.0,0.0,0.0,0.05951616600751794,0.05949714324234956,0.05953518877268632,0.6056666666666666,0.5926666666666667,0.6186666666666666,-0.001366734504699707,-0.002204596996307373,-0.000528872013092041,0.08688606276504923,0.08669487847924584,0.08707724705085262,0.08688606276504923,0.08669487847924584,0.08707724705085262,1.0,1.0,1.0,0.0,0.0,0.0,0.0,0.0,0.0,0.0,0.0,0.0,0.0,0.0,0.0,False
direct_invariance_only,False,0.0,19.13109194380974,0.0,2,0.0,0.0,0.0,0.0,0.0,0.0,0.05951616600751794,0.05949714324234956,0.05953518877268632,0.6056666666666666,0.5926666666666667,0.6186666666666666,-0.001366734504699707,-0.002204596996307373,-0.000528872013092041,0.08688606276504923,0.08669487847924584,0.08707724705085262,0.08688606276504923,0.08669487847924584,0.08707724705085262,1.0,1.0,1.0,0.0,0.0,0.0,0.0,0.0,0.0,0.0,0.0,0.0,0.0,0.0,0.0,True
ordinary_actionable_recourse,True,1.0,0.0,0.0,2,0.0,0.0,0.0,0.0,0.0,0.0,0.05951616600751794,0.05949714324234956,0.05953518877268632,0.6056666666666666,0.5926666666666667,0.6186666666666666,-0.001366734504699707,-0.002204596996307373,-0.000528872013092041,0.08688606276504923,0.08669487847924584,0.08707724705085262,0.08688606276504923,0.08669487847924584,0.08707724705085262,1.0,1.0,1.0,0.0,0.0,0.0,0.0,0.0,0.0,0.0,0.0,0.0,0.0,0.0,0.0,False
direct_invariance_only,False,1.0,0.5,0.0,2,0.0,0.0,0.0,0.0,0.0,0.0,0.05951616600751794,0.05949714324234956,0.05953518877268632,0.6056666666666666,0.5926666666666667,0.6186666666666666,-0.001366734504699707,-0.002204596996307373,-0.000528872013092041,0.08688606276504923,0.08669487847924584,0.08707724705085262,0.08688606276504923,0.08669487847924584,0.08707724705085262,1.0,1.0,1.0,0.0,0.0,0.0,0.0,0.0,0.0,0.0,0.0,0.0,0.0,0.0,0.0,False
direct_invariance_only,False,1.0,1.0,0.0,2,0.0,0.0,0.0,0.0,0.0,0.0,0.05951616600751794,0.05949714324234956,0.05953518877268632,0.6056666666666666,0.5926666666666667,0.6186666666666666,-0.001366734504699707,-0.002204596996307373,-0.000528872013092041,0.08688606276504923,0.08669487847924584,0.08707724705085262,0.08688606276504923,0.08669487847924584,0.08707724705085262,1.0,1.0,1.0,0.0,0.0,0.0,0.0,0.0,0.0,0.0,0.0,0.0,0.0,0.0,0.0,False
direct_invariance_only,False,1.0,2.0,0.0,2,0.0,0.0,0.0,0.0,0.0,0.0,0.05951616600751794,0.05949714324234956,0.05953518877268632,0.6056666666666666,0.5926666666666667,0.6186666666666666,-0.001366734504699707,-0.002204596996307373,-0.000528872013092041,0.08688606276504923,0.08669487847924584,0.08707724705085262,0.08688606276504923,0.08669487847924584,0.08707724705085262,1.0,1.0,1.0,0.0,0.0,0.0,0.0,0.0,0.0,0.0,0.0,0.0,0.0,0.0,0.0,False
direct_invariance_only,False,1.0,5.0,0.0,2,0.0,0.0,0.0,0.0,0.0,0.0,0.05951616600751794,0.05949714324234956,0.05953518877268632,0.6056666666666666,0.5926666666666667,0.6186666666666666,-0.001366734504699707,-0.002204596996307373,-0.000528872013092041,0.08688606276504923,0.08669487847924584,0.08707724705085262,0.08688606276504923,0.08669487847924584,0.08707724705085262,1.0,1.0,1.0,0.0,0.0,0.0,0.0,0.0,0.0,0.0,0.0,0.0,0.0,0.0,0.0,False
direct_invariance_only,False,1.0,19.13109194380974,0.0,2,0.0,0.0,0.0,0.0,0.0,0.0,0.05951616600751794,0.05949714324234956,0.05953518877268632,0.6056666666666666,0.5926666666666667,0.6186666666666666,-0.001366734504699707,-0.002204596996307373,-0.000528872013092041,0.08688606276504923,0.08669487847924584,0.08707724705085262,0.08688606276504923,0.08669487847924584,0.08707724705085262,1.0,1.0,1.0,0.0,0.0,0.0,0.0,0.0,0.0,0.0,0.0,0.0,0.0,0.0,0.0,True
ordinary_actionable_recourse,True,3.0,0.0,0.0,2,0.0,0.0,0.0,0.0,0.0,0.0,0.05951616600751794,0.05949714324234956,0.05953518877268632,0.6056666666666666,0.5926666666666667,0.6186666666666666,-0.001366734504699707,-0.002204596996307373,-0.000528872013092041,0.08688606276504923,0.08669487847924584,0.08707724705085262,0.08688606276504923,0.08669487847924584,0.08707724705085262,1.0,1.0,1.0,0.0,0.0,0.0,0.0,0.0,0.0,0.0,0.0,0.0,0.0,0.0,0.0,False
direct_invariance_only,False,3.0,0.5,0.0,2,0.0,0.0,0.0,0.0,0.0,0.0,0.05951616600751794,0.05949714324234956,0.05953518877268632,0.6056666666666666,0.5926666666666667,0.6186666666666666,-0.001366734504699707,-0.002204596996307373,-0.000528872013092041,0.08688606276504923,0.08669487847924584,0.08707724705085262,0.08688606276504923,0.08669487847924584,0.08707724705085262,1.0,1.0,1.0,0.0,0.0,0.0,0.0,0.0,0.0,0.0,0.0,0.0,0.0,0.0,0.0,False
direct_invariance_only,False,3.0,1.0,0.0,2,0.0,0.0,0.0,0.0,0.0,0.0,0.05951616600751794,0.05949714324234956,0.05953518877268632,0.6056666666666666,0.5926666666666667,0.6186666666666666,-0.001366734504699707,-0.002204596996307373,-0.000528872013092041,0.08688606276504923,0.08669487847924584,0.08707724705085262,0.08688606276504923,0.08669487847924584,0.08707724705085262,1.0,1.0,1.0,0.0,0.0,0.0,0.0,0.0,0.0,0.0,0.0,0.0,0.0,0.0,0.0,False
direct_invariance_only,False,3.0,2.0,0.0,2,0.0,0.0,0.0,0.0,0.0,0.0,0.05951616600751794,0.05949714324234956,0.05953518877268632,0.6056666666666666,0.5926666666666667,0.6186666666666666,-0.001366734504699707,-0.002204596996307373,-0.000528872013092041,0.08688606276504923,0.08669487847924584,0.08707724705085262,0.08688606276504923,0.08669487847924584,0.08707724705085262,1.0,1.0,1.0,0.0,0.0,0.0,0.0,0.0,0.0,0.0,0.0,0.0,0.0,0.0,0.0,False
direct_invariance_only,False,3.0,5.0,0.0,2,0.0,0.0,0.0,0.0,0.0,0.0,0.05951616600751794,0.05949714324234956,0.05953518877268632,0.6056666666666666,0.5926666666666667,0.6186666666666666,-0.001366734504699707,-0.002204596996307373,-0.000528872013092041,0.08688606276504923,0.08669487847924584,0.08707724705085262,0.08688606276504923,0.08669487847924584,0.08707724705085262,1.0,1.0,1.0,0.0,0.0,0.0,0.0,0.0,0.0,0.0,0.0,0.0,0.0,0.0,0.0,False
direct_invariance_only,False,3.0,19.13109194380974,0.0,2,0.0,0.0,0.0,0.0,0.0,0.0,0.05951616600751794,0.05949714324234956,0.05953518877268632,0.6056666666666666,0.5926666666666667,0.6186666666666666,-0.001366734504699707,-0.002204596996307373,-0.000528872013092041,0.08688606276504923,0.08669487847924584,0.08707724705085262,0.08688606276504923,0.08669487847924584,0.08707724705085262,1.0,1.0,1.0,0.0,0.0,0.0,0.0,0.0,0.0,0.0,0.0,0.0,0.0,0.0,0.0,True
ordinary_actionable_recourse,True,10.0,0.0,0.0,2,0.0,0.0,0.0,0.0,0.0,0.0,0.05951616600751794,0.05949714324234956,0.05953518877268632,0.6056666666666666,0.5926666666666667,0.6186666666666666,-0.001366734504699707,-0.002204596996307373,-0.000528872013092041,0.08688606276504923,0.08669487847924584,0.08707724705085262,0.08688606276504923,0.08669487847924584,0.08707724705085262,1.0,1.0,1.0,0.0,0.0,0.0,0.0,0.0,0.0,0.0,0.0,0.0,0.0,0.0,0.0,False
direct_invariance_only,False,10.0,0.5,0.0,2,0.0,0.0,0.0,0.0,0.0,0.0,0.05951616600751794,0.05949714324234956,0.05953518877268632,0.6056666666666666,0.5926666666666667,0.6186666666666666,-0.001366734504699707,-0.002204596996307373,-0.000528872013092041,0.08688606276504923,0.08669487847924584,0.08707724705085262,0.08688606276504923,0.08669487847924584,0.08707724705085262,1.0,1.0,1.0,0.0,0.0,0.0,0.0,0.0,0.0,0.0,0.0,0.0,0.0,0.0,0.0,False
direct_invariance_only,False,10.0,1.0,0.0,2,0.0,0.0,0.0,0.0,0.0,0.0,0.05951616600751794,0.05949714324234956,0.05953518877268632,0.6056666666666666,0.5926666666666667,0.6186666666666666,-0.001366734504699707,-0.002204596996307373,-0.000528872013092041,0.08688606276504923,0.08669487847924584,0.08707724705085262,0.08688606276504923,0.08669487847924584,0.08707724705085262,1.0,1.0,1.0,0.0,0.0,0.0,0.0,0.0,0.0,0.0,0.0,0.0,0.0,0.0,0.0,False
direct_invariance_only,False,10.0,2.0,0.0,2,0.0,0.0,0.0,0.0,0.0,0.0,0.05951616600751794,0.05949714324234956,0.05953518877268632,0.6056666666666666,0.5926666666666667,0.6186666666666666,-0.001366734504699707,-0.002204596996307373,-0.000528872013092041,0.08688606276504923,0.08669487847924584,0.08707724705085262,0.08688606276504923,0.08669487847924584,0.08707724705085262,1.0,1.0,1.0,0.0,0.0,0.0,0.0,0.0,0.0,0.0,0.0,0.0,0.0,0.0,0.0,False
direct_invariance_only,False,10.0,5.0,0.0,2,0.0,0.0,0.0,0.0,0.0,0.0,0.05951616600751794,0.05949714324234956,0.05953518877268632,0.6056666666666666,0.5926666666666667,0.6186666666666666,-0.001366734504699707,-0.002204596996307373,-0.000528872013092041,0.08688606276504923,0.08669487847924584,0.08707724705085262,0.08688606276504923,0.08669487847924584,0.08707724705085262,1.0,1.0,1.0,0.0,0.0,0.0,0.0,0.0,0.0,0.0,0.0,0.0,0.0,0.0,0.0,False
direct_invariance_only,False,10.0,19.13109194380974,0.0,2,0.0,0.0,0.0,0.0,0.0,0.0,0.05951616600751794,0.05949714324234956,0.05953518877268632,0.6056666666666666,0.5926666666666667,0.6186666666666666,-0.001366734504699707,-0.002204596996307373,-0.000528872013092041,0.08688606276504923,0.08669487847924584,0.08707724705085262,0.08688606276504923,0.08669487847924584,0.08707724705085262,1.0,1.0,1.0,0.0,0.0,0.0,0.0,0.0,0.0,0.0,0.0,0.0,0.0,0.0,0.0,True
ordinary_actionable_recourse,True,30.0,0.0,0.0,2,0.0,0.0,0.0,0.0,0.0,0.0,0.05951616600751794,0.05949714324234956,0.05953518877268632,0.6056666666666666,0.5926666666666667,0.6186666666666666,-0.001366734504699707,-0.002204596996307373,-0.000528872013092041,0.08688606276504923,0.08669487847924584,0.08707724705085262,0.08688606276504923,0.08669487847924584,0.08707724705085262,1.0,1.0,1.0,0.0,0.0,0.0,0.0,0.0,0.0,0.0,0.0,0.0,0.0,0.0,0.0,False
direct_invariance_only,False,30.0,0.5,0.0,2,0.0,0.0,0.0,0.0,0.0,0.0,0.05951616600751794,0.05949714324234956,0.05953518877268632,0.6056666666666666,0.5926666666666667,0.6186666666666666,-0.001366734504699707,-0.002204596996307373,-0.000528872013092041,0.08688606276504923,0.08669487847924584,0.08707724705085262,0.08688606276504923,0.08669487847924584,0.08707724705085262,1.0,1.0,1.0,0.0,0.0,0.0,0.0,0.0,0.0,0.0,0.0,0.0,0.0,0.0,0.0,False
direct_invariance_only,False,30.0,1.0,0.0,2,0.0,0.0,0.0,0.0,0.0,0.0,0.05951616600751794,0.05949714324234956,0.05953518877268632,0.6056666666666666,0.5926666666666667,0.6186666666666666,-0.001366734504699707,-0.002204596996307373,-0.000528872013092041,0.08688606276504923,0.08669487847924584,0.08707724705085262,0.08688606276504923,0.08669487847924584,0.08707724705085262,1.0,1.0,1.0,0.0,0.0,0.0,0.0,0.0,0.0,0.0,0.0,0.0,0.0,0.0,0.0,False
direct_invariance_only,False,30.0,2.0,0.0,2,0.0,0.0,0.0,0.0,0.0,0.0,0.05951616600751794,0.05949714324234956,0.05953518877268632,0.6056666666666666,0.5926666666666667,0.6186666666666666,-0.001366734504699707,-0.002204596996307373,-0.000528872013092041,0.08688606276504923,0.08669487847924584,0.08707724705085262,0.08688606276504923,0.08669487847924584,0.08707724705085262,1.0,1.0,1.0,0.0,0.0,0.0,0.0,0.0,0.0,0.0,0.0,0.0,0.0,0.0,0.0,False
direct_invariance_only,False,30.0,5.0,0.0,2,0.0,0.0,0.0,0.0,0.0,0.0,0.05951616600751794,0.05949714324234956,0.05953518877268632,0.6056666666666666,0.5926666666666667,0.6186666666666666,-0.001366734504699707,-0.002204596996307373,-0.000528872013092041,0.08688606276504923,0.08669487847924584,0.08707724705085262,0.08688606276504923,0.08669487847924584,0.08707724705085262,1.0,1.0,1.0,0.0,0.0,0.0,0.0,0.0,0.0,0.0,0.0,0.0,0.0,0.0,0.0,False
direct_invariance_only,False,30.0,19.13109194380974,0.0,2,0.0,0.0,0.0,0.0,0.0,0.0,0.05951616600751794,0.05949714324234956,0.05953518877268632,0.6056666666666666,0.5926666666666667,0.6186666666666666,-0.001366734504699707,-0.002204596996307373,-0.000528872013092041,0.08688606276504923,0.08669487847924584,0.08707724705085262,0.08688606276504923,0.08669487847924584,0.08707724705085262,1.0,1.0,1.0,0.0,0.0,0.0,0.0,0.0,0.0,0.0,0.0,0.0,0.0,0.0,0.0,True
transport_anchor_only,False,0.0,0.0,0.1,2,0.0,0.0,0.0,0.0,0.0,0.0,0.05951616600751794,0.05949714324234956,0.05953518877268632,0.6056666666666666,0.5926666666666667,0.6186666666666666,-0.001366734504699707,-0.002204596996307373,-0.000528872013092041,0.08688606276504923,0.08669487847924584,0.08707724705085262,0.08688606276504923,0.08669487847924584,0.08707724705085262,1.0,1.0,1.0,0.0,0.0,0.0,0.0,0.0,0.0,0.0,0.0,0.0,0.0,0.0,0.0,False
mediation_aware_recourse,False,0.0,0.5,0.1,2,0.0,0.0,0.0,0.0,0.0,0.0,0.05951616600751794,0.05949714324234956,0.05953518877268632,0.6056666666666666,0.5926666666666667,0.6186666666666666,-0.001366734504699707,-0.002204596996307373,-0.000528872013092041,0.08688606276504923,0.08669487847924584,0.08707724705085262,0.08688606276504923,0.08669487847924584,0.08707724705085262,1.0,1.0,1.0,0.0,0.0,0.0,0.0,0.0,0.0,0.0,0.0,0.0,0.0,0.0,0.0,False
mediation_aware_recourse,False,0.0,1.0,0.1,2,0.0,0.0,0.0,0.0,0.0,0.0,0.05951616600751794,0.05949714324234956,0.05953518877268632,0.6056666666666666,0.5926666666666667,0.6186666666666666,-0.001366734504699707,-0.002204596996307373,-0.000528872013092041,0.08688606276504923,0.08669487847924584,0.08707724705085262,0.08688606276504923,0.08669487847924584,0.08707724705085262,1.0,1.0,1.0,0.0,0.0,0.0,0.0,0.0,0.0,0.0,0.0,0.0,0.0,0.0,0.0,False
mediation_aware_recourse,False,0.0,2.0,0.1,2,0.0,0.0,0.0,0.0,0.0,0.0,0.05951616600751794,0.05949714324234956,0.05953518877268632,0.6056666666666666,0.5926666666666667,0.6186666666666666,-0.001366734504699707,-0.002204596996307373,-0.000528872013092041,0.08688606276504923,0.08669487847924584,0.08707724705085262,0.08688606276504923,0.08669487847924584,0.08707724705085262,1.0,1.0,1.0,0.0,0.0,0.0,0.0,0.0,0.0,0.0,0.0,0.0,0.0,0.0,0.0,False
mediation_aware_recourse,False,0.0,5.0,0.1,2,0.0,0.0,0.0,0.0,0.0,0.0,0.05951616600751794,0.05949714324234956,0.05953518877268632,0.6056666666666666,0.5926666666666667,0.6186666666666666,-0.001366734504699707,-0.002204596996307373,-0.000528872013092041,0.08688606276504923,0.08669487847924584,0.08707724705085262,0.08688606276504923,0.08669487847924584,0.08707724705085262,1.0,1.0,1.0,0.0,0.0,0.0,0.0,0.0,0.0,0.0,0.0,0.0,0.0,0.0,0.0,False
mediation_aware_recourse,False,0.0,19.13109194380974,0.1,2,0.0,0.0,0.0,0.0,0.0,0.0,0.05951616600751794,0.05949714324234956,0.05953518877268632,0.6056666666666666,0.5926666666666667,0.6186666666666666,-0.001366734504699707,-0.002204596996307373,-0.000528872013092041,0.08688606276504923,0.08669487847924584,0.08707724705085262,0.08688606276504923,0.08669487847924584,0.08707724705085262,1.0,1.0,1.0,0.0,0.0,0.0,0.0,0.0,0.0,0.0,0.0,0.0,0.0,0.0,0.0,True
transport_anchor_only,False,1.0,0.0,0.1,2,0.0,0.0,0.0,0.0,0.0,0.0,0.05951616600751794,0.05949714324234956,0.05953518877268632,0.6056666666666666,0.5926666666666667,0.6186666666666666,-0.001366734504699707,-0.002204596996307373,-0.000528872013092041,0.08688606276504923,0.08669487847924584,0.08707724705085262,0.08688606276504923,0.08669487847924584,0.08707724705085262,1.0,1.0,1.0,0.0,0.0,0.0,0.0,0.0,0.0,0.0,0.0,0.0,0.0,0.0,0.0,False
mediation_aware_recourse,False,1.0,0.5,0.1,2,0.0,0.0,0.0,0.0,0.0,0.0,0.05951616600751794,0.05949714324234956,0.05953518877268632,0.6056666666666666,0.5926666666666667,0.6186666666666666,-0.001366734504699707,-0.002204596996307373,-0.000528872013092041,0.08688606276504923,0.08669487847924584,0.08707724705085262,0.08688606276504923,0.08669487847924584,0.08707724705085262,1.0,1.0,1.0,0.0,0.0,0.0,0.0,0.0,0.0,0.0,0.0,0.0,0.0,0.0,0.0,False
mediation_aware_recourse,False,1.0,1.0,0.1,2,0.0,0.0,0.0,0.0,0.0,0.0,0.05951616600751794,0.05949714324234956,0.05953518877268632,0.6056666666666666,0.5926666666666667,0.6186666666666666,-0.001366734504699707,-0.002204596996307373,-0.000528872013092041,0.08688606276504923,0.08669487847924584,0.08707724705085262,0.08688606276504923,0.08669487847924584,0.08707724705085262,1.0,1.0,1.0,0.0,0.0,0.0,0.0,0.0,0.0,0.0,0.0,0.0,0.0,0.0,0.0,False
mediation_aware_recourse,False,1.0,2.0,0.1,2,0.0,0.0,0.0,0.0,0.0,0.0,0.05951616600751794,0.05949714324234956,0.05953518877268632,0.6056666666666666,0.5926666666666667,0.6186666666666666,-0.001366734504699707,-0.002204596996307373,-0.000528872013092041,0.08688606276504923,0.08669487847924584,0.08707724705085262,0.08688606276504923,0.08669487847924584,0.08707724705085262,1.0,1.0,1.0,0.0,0.0,0.0,0.0,0.0,0.0,0.0,0.0,0.0,0.0,0.0,0.0,False
mediation_aware_recourse,False,1.0,5.0,0.1,2,0.0,0.0,0.0,0.0,0.0,0.0,0.05951616600751794,0.05949714324234956,0.05953518877268632,0.6056666666666666,0.5926666666666667,0.6186666666666666,-0.001366734504699707,-0.002204596996307373,-0.000528872013092041,0.08688606276504923,0.08669487847924584,0.08707724705085262,0.08688606276504923,0.08669487847924584,0.08707724705085262,1.0,1.0,1.0,0.0,0.0,0.0,0.0,0.0,0.0,0.0,0.0,0.0,0.0,0.0,0.0,False
mediation_aware_recourse,False,1.0,19.13109194380974,0.1,2,0.0,0.0,0.0,0.0,0.0,0.0,0.05951616600751794,0.05949714324234956,0.05953518877268632,0.6056666666666666,0.5926666666666667,0.6186666666666666,-0.001366734504699707,-0.002204596996307373,-0.000528872013092041,0.08688606276504923,0.08669487847924584,0.08707724705085262,0.08688606276504923,0.08669487847924584,0.08707724705085262,1.0,1.0,1.0,0.0,0.0,0.0,0.0,0.0,0.0,0.0,0.0,0.0,0.0,0.0,0.0,True
transport_anchor_only,False,3.0,0.0,0.1,2,0.0,0.0,0.0,0.0,0.0,0.0,0.05951616600751794,0.05949714324234956,0.05953518877268632,0.6056666666666666,0.5926666666666667,0.6186666666666666,-0.001366734504699707,-0.002204596996307373,-0.000528872013092041,0.08688606276504923,0.08669487847924584,0.08707724705085262,0.08688606276504923,0.08669487847924584,0.08707724705085262,1.0,1.0,1.0,0.0,0.0,0.0,0.0,0.0,0.0,0.0,0.0,0.0,0.0,0.0,0.0,False
mediation_aware_recourse,False,3.0,0.5,0.1,2,0.0,0.0,0.0,0.0,0.0,0.0,0.05951616600751794,0.05949714324234956,0.05953518877268632,0.6056666666666666,0.5926666666666667,0.6186666666666666,-0.001366734504699707,-0.002204596996307373,-0.000528872013092041,0.08688606276504923,0.08669487847924584,0.08707724705085262,0.08688606276504923,0.08669487847924584,0.08707724705085262,1.0,1.0,1.0,0.0,0.0,0.0,0.0,0.0,0.0,0.0,0.0,0.0,0.0,0.0,0.0,False
mediation_aware_recourse,False,3.0,1.0,0.1,2,0.0,0.0,0.0,0.0,0.0,0.0,0.05951616600751794,0.05949714324234956,0.05953518877268632,0.6056666666666666,0.5926666666666667,0.6186666666666666,-0.001366734504699707,-0.002204596996307373,-0.000528872013092041,0.08688606276504923,0.08669487847924584,0.08707724705085262,0.08688606276504923,0.08669487847924584,0.08707724705085262,1.0,1.0,1.0,0.0,0.0,0.0,0.0,0.0,0.0,0.0,0.0,0.0,0.0,0.0,0.0,False
mediation_aware_recourse,False,3.0,2.0,0.1,2,0.0,0.0,0.0,0.0,0.0,0.0,0.05951616600751794,0.05949714324234956,0.05953518877268632,0.6056666666666666,0.5926666666666667,0.6186666666666666,-0.001366734504699707,-0.002204596996307373,-0.000528872013092041,0.08688606276504923,0.08669487847924584,0.08707724705085262,0.08688606276504923,0.08669487847924584,0.08707724705085262,1.0,1.0,1.0,0.0,0.0,0.0,0.0,0.0,0.0,0.0,0.0,0.0,0.0,0.0,0.0,False
mediation_aware_recourse,False,3.0,5.0,0.1,2,0.0,0.0,0.0,0.0,0.0,0.0,0.05951616600751794,0.05949714324234956,0.05953518877268632,0.6056666666666666,0.5926666666666667,0.6186666666666666,-0.001366734504699707,-0.002204596996307373,-0.000528872013092041,0.08688606276504923,0.08669487847924584,0.08707724705085262,0.08688606276504923,0.08669487847924584,0.08707724705085262,1.0,1.0,1.0,0.0,0.0,0.0,0.0,0.0,0.0,0.0,0.0,0.0,0.0,0.0,0.0,False
mediation_aware_recourse,False,3.0,19.13109194380974,0.1,2,0.0,0.0,0.0,0.0,0.0,0.0,0.05951616600751794,0.05949714324234956,0.05953518877268632,0.6056666666666666,0.5926666666666667,0.6186666666666666,-0.001366734504699707,-0.002204596996307373,-0.000528872013092041,0.08688606276504923,0.08669487847924584,0.08707724705085262,0.08688606276504923,0.08669487847924584,0.08707724705085262,1.0,1.0,1.0,0.0,0.0,0.0,0.0,0.0,0.0,0.0,0.0,0.0,0.0,0.0,0.0,True
transport_anchor_only,False,10.0,0.0,0.1,2,0.0,0.0,0.0,0.0,0.0,0.0,0.05951616600751794,0.05949714324234956,0.05953518877268632,0.6056666666666666,0.5926666666666667,0.6186666666666666,-0.001366734504699707,-0.002204596996307373,-0.000528872013092041,0.08688606276504923,0.08669487847924584,0.08707724705085262,0.08688606276504923,0.08669487847924584,0.08707724705085262,1.0,1.0,1.0,0.0,0.0,0.0,0.0,0.0,0.0,0.0,0.0,0.0,0.0,0.0,0.0,False
mediation_aware_recourse,False,10.0,0.5,0.1,2,0.0,0.0,0.0,0.0,0.0,0.0,0.05951616600751794,0.05949714324234956,0.05953518877268632,0.6056666666666666,0.5926666666666667,0.6186666666666666,-0.001366734504699707,-0.002204596996307373,-0.000528872013092041,0.08688606276504923,0.08669487847924584,0.08707724705085262,0.08688606276504923,0.08669487847924584,0.08707724705085262,1.0,1.0,1.0,0.0,0.0,0.0,0.0,0.0,0.0,0.0,0.0,0.0,0.0,0.0,0.0,False
mediation_aware_recourse,False,10.0,1.0,0.1,2,0.0,0.0,0.0,0.0,0.0,0.0,0.05951616600751794,0.05949714324234956,0.05953518877268632,0.6056666666666666,0.5926666666666667,0.6186666666666666,-0.001366734504699707,-0.002204596996307373,-0.000528872013092041,0.08688606276504923,0.08669487847924584,0.08707724705085262,0.08688606276504923,0.08669487847924584,0.08707724705085262,1.0,1.0,1.0,0.0,0.0,0.0,0.0,0.0,0.0,0.0,0.0,0.0,0.0,0.0,0.0,False
mediation_aware_recourse,False,10.0,2.0,0.1,2,0.0,0.0,0.0,0.0,0.0,0.0,0.05951616600751794,0.05949714324234956,0.05953518877268632,0.6056666666666666,0.5926666666666667,0.6186666666666666,-0.001366734504699707,-0.002204596996307373,-0.000528872013092041,0.08688606276504923,0.08669487847924584,0.08707724705085262,0.08688606276504923,0.08669487847924584,0.08707724705085262,1.0,1.0,1.0,0.0,0.0,0.0,0.0,0.0,0.0,0.0,0.0,0.0,0.0,0.0,0.0,False
mediation_aware_recourse,False,10.0,5.0,0.1,2,0.0,0.0,0.0,0.0,0.0,0.0,0.05951616600751794,0.05949714324234956,0.05953518877268632,0.6056666666666666,0.5926666666666667,0.6186666666666666,-0.001366734504699707,-0.002204596996307373,-0.000528872013092041,0.08688606276504923,0.08669487847924584,0.08707724705085262,0.08688606276504923,0.08669487847924584,0.08707724705085262,1.0,1.0,1.0,0.0,0.0,0.0,0.0,0.0,0.0,0.0,0.0,0.0,0.0,0.0,0.0,False
mediation_aware_recourse,False,10.0,19.13109194380974,0.1,2,0.0,0.0,0.0,0.0,0.0,0.0,0.05951616600751794,0.05949714324234956,0.05953518877268632,0.6056666666666666,0.5926666666666667,0.6186666666666666,-0.001366734504699707,-0.002204596996307373,-0.000528872013092041,0.08688606276504923,0.08669487847924584,0.08707724705085262,0.08688606276504923,0.08669487847924584,0.08707724705085262,1.0,1.0,1.0,0.0,0.0,0.0,0.0,0.0,0.0,0.0,0.0,0.0,0.0,0.0,0.0,True
transport_anchor_only,False,30.0,0.0,0.1,2,0.0,0.0,0.0,0.0,0.0,0.0,0.05951616600751794,0.05949714324234956,0.05953518877268632,0.6056666666666666,0.5926666666666667,0.6186666666666666,-0.001366734504699707,-0.002204596996307373,-0.000528872013092041,0.08688606276504923,0.08669487847924584,0.08707724705085262,0.08688606276504923,0.08669487847924584,0.08707724705085262,1.0,1.0,1.0,0.0,0.0,0.0,0.0,0.0,0.0,0.0,0.0,0.0,0.0,0.0,0.0,False
mediation_aware_recourse,False,30.0,0.5,0.1,2,0.0,0.0,0.0,0.0,0.0,0.0,0.05951616600751794,0.05949714324234956,0.05953518877268632,0.6056666666666666,0.5926666666666667,0.6186666666666666,-0.001366734504699707,-0.002204596996307373,-0.000528872013092041,0.08688606276504923,0.08669487847924584,0.08707724705085262,0.08688606276504923,0.08669487847924584,0.08707724705085262,1.0,1.0,1.0,0.0,0.0,0.0,0.0,0.0,0.0,0.0,0.0,0.0,0.0,0.0,0.0,False
mediation_aware_recourse,False,30.0,1.0,0.1,2,0.0,0.0,0.0,0.0,0.0,0.0,0.05951616600751794,0.05949714324234956,0.05953518877268632,0.6056666666666666,0.5926666666666667,0.6186666666666666,-0.001366734504699707,-0.002204596996307373,-0.000528872013092041,0.08688606276504923,0.08669487847924584,0.08707724705085262,0.08688606276504923,0.08669487847924584,0.08707724705085262,1.0,1.0,1.0,0.0,0.0,0.0,0.0,0.0,0.0,0.0,0.0,0.0,0.0,0.0,0.0,False
mediation_aware_recourse,False,30.0,2.0,0.1,2,0.0,0.0,0.0,0.0,0.0,0.0,0.05951616600751794,0.05949714324234956,0.05953518877268632,0.6056666666666666,0.5926666666666667,0.6186666666666666,-0.001366734504699707,-0.002204596996307373,-0.000528872013092041,0.08688606276504923,0.08669487847924584,0.08707724705085262,0.08688606276504923,0.08669487847924584,0.08707724705085262,1.0,1.0,1.0,0.0,0.0,0.0,0.0,0.0,0.0,0.0,0.0,0.0,0.0,0.0,0.0,False
mediation_aware_recourse,False,30.0,5.0,0.1,2,0.0,0.0,0.0,0.0,0.0,0.0,0.05951616600751794,0.05949714324234956,0.05953518877268632,0.6056666666666666,0.5926666666666667,0.6186666666666666,-0.001366734504699707,-0.002204596996307373,-0.000528872013092041,0.08688606276504923,0.08669487847924584,0.08707724705085262,0.08688606276504923,0.08669487847924584,0.08707724705085262,1.0,1.0,1.0,0.0,0.0,0.0,0.0,0.0,0.0,0.0,0.0,0.0,0.0,0.0,0.0,False
mediation_aware_recourse,False,30.0,19.13109194380974,0.1,2,0.0,0.0,0.0,0.0,0.0,0.0,0.05951616600751794,0.05949714324234956,0.05953518877268632,0.6056666666666666,0.5926666666666667,0.6186666666666666,-0.001366734504699707,-0.002204596996307373,-0.000528872013092041,0.08688606276504923,0.08669487847924584,0.08707724705085262,0.08688606276504923,0.08669487847924584,0.08707724705085262,1.0,1.0,1.0,0.0,0.0,0.0,0.0,0.0,0.0,0.0,0.0,0.0,0.0,0.0,0.0,True
transport_anchor_only,False,0.0,0.0,0.5,2,0.0,0.0,0.0,0.0,0.0,0.0,0.05951616600751794,0.05949714324234956,0.05953518877268632,0.6056666666666666,0.5926666666666667,0.6186666666666666,-0.001366734504699707,-0.002204596996307373,-0.000528872013092041,0.08688606276504923,0.08669487847924584,0.08707724705085262,0.08688606276504923,0.08669487847924584,0.08707724705085262,1.0,1.0,1.0,0.0,0.0,0.0,0.0,0.0,0.0,0.0,0.0,0.0,0.0,0.0,0.0,False
mediation_aware_recourse,False,0.0,0.5,0.5,2,0.0,0.0,0.0,0.0,0.0,0.0,0.05951616600751794,0.05949714324234956,0.05953518877268632,0.6056666666666666,0.5926666666666667,0.6186666666666666,-0.001366734504699707,-0.002204596996307373,-0.000528872013092041,0.08688606276504923,0.08669487847924584,0.08707724705085262,0.08688606276504923,0.08669487847924584,0.08707724705085262,1.0,1.0,1.0,0.0,0.0,0.0,0.0,0.0,0.0,0.0,0.0,0.0,0.0,0.0,0.0,False
mediation_aware_recourse,False,0.0,1.0,0.5,2,0.0,0.0,0.0,0.0,0.0,0.0,0.05951616600751794,0.05949714324234956,0.05953518877268632,0.6056666666666666,0.5926666666666667,0.6186666666666666,-0.001366734504699707,-0.002204596996307373,-0.000528872013092041,0.08688606276504923,0.08669487847924584,0.08707724705085262,0.08688606276504923,0.08669487847924584,0.08707724705085262,1.0,1.0,1.0,0.0,0.0,0.0,0.0,0.0,0.0,0.0,0.0,0.0,0.0,0.0,0.0,False
mediation_aware_recourse,False,0.0,2.0,0.5,2,0.0,0.0,0.0,0.0,0.0,0.0,0.05951616600751794,0.05949714324234956,0.05953518877268632,0.6056666666666666,0.5926666666666667,0.6186666666666666,-0.001366734504699707,-0.002204596996307373,-0.000528872013092041,0.08688606276504923,0.08669487847924584,0.08707724705085262,0.08688606276504923,0.08669487847924584,0.08707724705085262,1.0,1.0,1.0,0.0,0.0,0.0,0.0,0.0,0.0,0.0,0.0,0.0,0.0,0.0,0.0,False
mediation_aware_recourse,False,0.0,5.0,0.5,2,0.0,0.0,0.0,0.0,0.0,0.0,0.05951616600751794,0.05949714324234956,0.05953518877268632,0.6056666666666666,0.5926666666666667,0.6186666666666666,-0.001366734504699707,-0.002204596996307373,-0.000528872013092041,0.08688606276504923,0.08669487847924584,0.08707724705085262,0.08688606276504923,0.08669487847924584,0.08707724705085262,1.0,1.0,1.0,0.0,0.0,0.0,0.0,0.0,0.0,0.0,0.0,0.0,0.0,0.0,0.0,False
mediation_aware_recourse,False,0.0,19.13109194380974,0.5,2,0.0,0.0,0.0,0.0,0.0,0.0,0.05951616600751794,0.05949714324234956,0.05953518877268632,0.6056666666666666,0.5926666666666667,0.6186666666666666,-0.001366734504699707,-0.002204596996307373,-0.000528872013092041,0.08688606276504923,0.08669487847924584,0.08707724705085262,0.08688606276504923,0.08669487847924584,0.08707724705085262,1.0,1.0,1.0,0.0,0.0,0.0,0.0,0.0,0.0,0.0,0.0,0.0,0.0,0.0,0.0,True
transport_anchor_only,False,1.0,0.0,0.5,2,0.0,0.0,0.0,0.0,0.0,0.0,0.05951616600751794,0.05949714324234956,0.05953518877268632,0.6056666666666666,0.5926666666666667,0.6186666666666666,-0.001366734504699707,-0.002204596996307373,-0.000528872013092041,0.08688606276504923,0.08669487847924584,0.08707724705085262,0.08688606276504923,0.08669487847924584,0.08707724705085262,1.0,1.0,1.0,0.0,0.0,0.0,0.0,0.0,0.0,0.0,0.0,0.0,0.0,0.0,0.0,False
mediation_aware_recourse,False,1.0,0.5,0.5,2,0.0,0.0,0.0,0.0,0.0,0.0,0.05951616600751794,0.05949714324234956,0.05953518877268632,0.6056666666666666,0.5926666666666667,0.6186666666666666,-0.001366734504699707,-0.002204596996307373,-0.000528872013092041,0.08688606276504923,0.08669487847924584,0.08707724705085262,0.08688606276504923,0.08669487847924584,0.08707724705085262,1.0,1.0,1.0,0.0,0.0,0.0,0.0,0.0,0.0,0.0,0.0,0.0,0.0,0.0,0.0,False
mediation_aware_recourse,False,1.0,1.0,0.5,2,0.0,0.0,0.0,0.0,0.0,0.0,0.05951616600751794,0.05949714324234956,0.05953518877268632,0.6056666666666666,0.5926666666666667,0.6186666666666666,-0.001366734504699707,-0.002204596996307373,-0.000528872013092041,0.08688606276504923,0.08669487847924584,0.08707724705085262,0.08688606276504923,0.08669487847924584,0.08707724705085262,1.0,1.0,1.0,0.0,0.0,0.0,0.0,0.0,0.0,0.0,0.0,0.0,0.0,0.0,0.0,False
mediation_aware_recourse,False,1.0,2.0,0.5,2,0.0,0.0,0.0,0.0,0.0,0.0,0.05951616600751794,0.05949714324234956,0.05953518877268632,0.6056666666666666,0.5926666666666667,0.6186666666666666,-0.001366734504699707,-0.002204596996307373,-0.000528872013092041,0.08688606276504923,0.08669487847924584,0.08707724705085262,0.08688606276504923,0.08669487847924584,0.08707724705085262,1.0,1.0,1.0,0.0,0.0,0.0,0.0,0.0,0.0,0.0,0.0,0.0,0.0,0.0,0.0,False
mediation_aware_recourse,False,1.0,5.0,0.5,2,0.0,0.0,0.0,0.0,0.0,0.0,0.05951616600751794,0.05949714324234956,0.05953518877268632,0.6056666666666666,0.5926666666666667,0.6186666666666666,-0.001366734504699707,-0.002204596996307373,-0.000528872013092041,0.08688606276504923,0.08669487847924584,0.08707724705085262,0.08688606276504923,0.08669487847924584,0.08707724705085262,1.0,1.0,1.0,0.0,0.0,0.0,0.0,0.0,0.0,0.0,0.0,0.0,0.0,0.0,0.0,False
mediation_aware_recourse,False,1.0,19.13109194380974,0.5,2,0.0,0.0,0.0,0.0,0.0,0.0,0.05951616600751794,0.05949714324234956,0.05953518877268632,0.6056666666666666,0.5926666666666667,0.6186666666666666,-0.001366734504699707,-0.002204596996307373,-0.000528872013092041,0.08688606276504923,0.08669487847924584,0.08707724705085262,0.08688606276504923,0.08669487847924584,0.08707724705085262,1.0,1.0,1.0,0.0,0.0,0.0,0.0,0.0,0.0,0.0,0.0,0.0,0.0,0.0,0.0,True
transport_anchor_only,False,3.0,0.0,0.5,2,0.0,0.0,0.0,0.0,0.0,0.0,0.05951616600751794,0.05949714324234956,0.05953518877268632,0.6056666666666666,0.5926666666666667,0.6186666666666666,-0.001366734504699707,-0.002204596996307373,-0.000528872013092041,0.08688606276504923,0.08669487847924584,0.08707724705085262,0.08688606276504923,0.08669487847924584,0.08707724705085262,1.0,1.0,1.0,0.0,0.0,0.0,0.0,0.0,0.0,0.0,0.0,0.0,0.0,0.0,0.0,False
mediation_aware_recourse,False,3.0,0.5,0.5,2,0.0,0.0,0.0,0.0,0.0,0.0,0.05951616600751794,0.05949714324234956,0.05953518877268632,0.6056666666666666,0.5926666666666667,0.6186666666666666,-0.001366734504699707,-0.002204596996307373,-0.000528872013092041,0.08688606276504923,0.08669487847924584,0.08707724705085262,0.08688606276504923,0.08669487847924584,0.08707724705085262,1.0,1.0,1.0,0.0,0.0,0.0,0.0,0.0,0.0,0.0,0.0,0.0,0.0,0.0,0.0,False
mediation_aware_recourse,False,3.0,1.0,0.5,2,0.0,0.0,0.0,0.0,0.0,0.0,0.05951616600751794,0.05949714324234956,0.05953518877268632,0.6056666666666666,0.5926666666666667,0.6186666666666666,-0.001366734504699707,-0.002204596996307373,-0.000528872013092041,0.08688606276504923,0.08669487847924584,0.08707724705085262,0.08688606276504923,0.08669487847924584,0.08707724705085262,1.0,1.0,1.0,0.0,0.0,0.0,0.0,0.0,0.0,0.0,0.0,0.0,0.0,0.0,0.0,False
mediation_aware_recourse,False,3.0,2.0,0.5,2,0.0,0.0,0.0,0.0,0.0,0.0,0.05951616600751794,0.05949714324234956,0.05953518877268632,0.6056666666666666,0.5926666666666667,0.6186666666666666,-0.001366734504699707,-0.002204596996307373,-0.000528872013092041,0.08688606276504923,0.08669487847924584,0.08707724705085262,0.08688606276504923,0.08669487847924584,0.08707724705085262,1.0,1.0,1.0,0.0,0.0,0.0,0.0,0.0,0.0,0.0,0.0,0.0,0.0,0.0,0.0,False
mediation_aware_recourse,False,3.0,5.0,0.5,2,0.0,0.0,0.0,0.0,0.0,0.0,0.05951616600751794,0.05949714324234956,0.05953518877268632,0.6056666666666666,0.5926666666666667,0.6186666666666666,-0.001366734504699707,-0.002204596996307373,-0.000528872013092041,0.08688606276504923,0.08669487847924584,0.08707724705085262,0.08688606276504923,0.08669487847924584,0.08707724705085262,1.0,1.0,1.0,0.0,0.0,0.0,0.0,0.0,0.0,0.0,0.0,0.0,0.0,0.0,0.0,False
mediation_aware_recourse,False,3.0,19.13109194380974,0.5,2,0.0,0.0,0.0,0.0,0.0,0.0,0.05951616600751794,0.05949714324234956,0.05953518877268632,0.6056666666666666,0.5926666666666667,0.6186666666666666,-0.001366734504699707,-0.002204596996307373,-0.000528872013092041,0.08688606276504923,0.08669487847924584,0.08707724705085262,0.08688606276504923,0.08669487847924584,0.08707724705085262,1.0,1.0,1.0,0.0,0.0,0.0,0.0,0.0,0.0,0.0,0.0,0.0,0.0,0.0,0.0,True
transport_anchor_only,False,10.0,0.0,0.5,2,0.0,0.0,0.0,0.0,0.0,0.0,0.05951616600751794,0.05949714324234956,0.05953518877268632,0.6056666666666666,0.5926666666666667,0.6186666666666666,-0.001366734504699707,-0.002204596996307373,-0.000528872013092041,0.08688606276504923,0.08669487847924584,0.08707724705085262,0.08688606276504923,0.08669487847924584,0.08707724705085262,1.0,1.0,1.0,0.0,0.0,0.0,0.0,0.0,0.0,0.0,0.0,0.0,0.0,0.0,0.0,False
mediation_aware_recourse,False,10.0,0.5,0.5,2,0.0,0.0,0.0,0.0,0.0,0.0,0.05951616600751794,0.05949714324234956,0.05953518877268632,0.6056666666666666,0.5926666666666667,0.6186666666666666,-0.001366734504699707,-0.002204596996307373,-0.000528872013092041,0.08688606276504923,0.08669487847924584,0.08707724705085262,0.08688606276504923,0.08669487847924584,0.08707724705085262,1.0,1.0,1.0,0.0,0.0,0.0,0.0,0.0,0.0,0.0,0.0,0.0,0.0,0.0,0.0,False
mediation_aware_recourse,False,10.0,1.0,0.5,2,0.0,0.0,0.0,0.0,0.0,0.0,0.05951616600751794,0.05949714324234956,0.05953518877268632,0.6056666666666666,0.5926666666666667,0.6186666666666666,-0.001366734504699707,-0.002204596996307373,-0.000528872013092041,0.08688606276504923,0.08669487847924584,0.08707724705085262,0.08688606276504923,0.08669487847924584,0.08707724705085262,1.0,1.0,1.0,0.0,0.0,0.0,0.0,0.0,0.0,0.0,0.0,0.0,0.0,0.0,0.0,False
mediation_aware_recourse,False,10.0,2.0,0.5,2,0.0,0.0,0.0,0.0,0.0,0.0,0.05951616600751794,0.05949714324234956,0.05953518877268632,0.6056666666666666,0.5926666666666667,0.6186666666666666,-0.001366734504699707,-0.002204596996307373,-0.000528872013092041,0.08688606276504923,0.08669487847924584,0.08707724705085262,0.08688606276504923,0.08669487847924584,0.08707724705085262,1.0,1.0,1.0,0.0,0.0,0.0,0.0,0.0,0.0,0.0,0.0,0.0,0.0,0.0,0.0,False
mediation_aware_recourse,False,10.0,5.0,0.5,2,0.0,0.0,0.0,0.0,0.0,0.0,0.05951616600751794,0.05949714324234956,0.05953518877268632,0.6056666666666666,0.5926666666666667,0.6186666666666666,-0.001366734504699707,-0.002204596996307373,-0.000528872013092041,0.08688606276504923,0.08669487847924584,0.08707724705085262,0.08688606276504923,0.08669487847924584,0.08707724705085262,1.0,1.0,1.0,0.0,0.0,0.0,0.0,0.0,0.0,0.0,0.0,0.0,0.0,0.0,0.0,False
mediation_aware_recourse,False,10.0,19.13109194380974,0.5,2,0.0,0.0,0.0,0.0,0.0,0.0,0.05951616600751794,0.05949714324234956,0.05953518877268632,0.6056666666666666,0.5926666666666667,0.6186666666666666,-0.001366734504699707,-0.002204596996307373,-0.000528872013092041,0.08688606276504923,0.08669487847924584,0.08707724705085262,0.08688606276504923,0.08669487847924584,0.08707724705085262,1.0,1.0,1.0,0.0,0.0,0.0,0.0,0.0,0.0,0.0,0.0,0.0,0.0,0.0,0.0,True
transport_anchor_only,False,30.0,0.0,0.5,2,0.0,0.0,0.0,0.0,0.0,0.0,0.05951616600751794,0.05949714324234956,0.05953518877268632,0.6056666666666666,0.5926666666666667,0.6186666666666666,-0.001366734504699707,-0.002204596996307373,-0.000528872013092041,0.08688606276504923,0.08669487847924584,0.08707724705085262,0.08688606276504923,0.08669487847924584,0.08707724705085262,1.0,1.0,1.0,0.0,0.0,0.0,0.0,0.0,0.0,0.0,0.0,0.0,0.0,0.0,0.0,False
mediation_aware_recourse,False,30.0,0.5,0.5,2,0.0,0.0,0.0,0.0,0.0,0.0,0.05951616600751794,0.05949714324234956,0.05953518877268632,0.6056666666666666,0.5926666666666667,0.6186666666666666,-0.001366734504699707,-0.002204596996307373,-0.000528872013092041,0.08688606276504923,0.08669487847924584,0.08707724705085262,0.08688606276504923,0.08669487847924584,0.08707724705085262,1.0,1.0,1.0,0.0,0.0,0.0,0.0,0.0,0.0,0.0,0.0,0.0,0.0,0.0,0.0,False
mediation_aware_recourse,False,30.0,1.0,0.5,2,0.0,0.0,0.0,0.0,0.0,0.0,0.05951616600751794,0.05949714324234956,0.05953518877268632,0.6056666666666666,0.5926666666666667,0.6186666666666666,-0.001366734504699707,-0.002204596996307373,-0.000528872013092041,0.08688606276504923,0.08669487847924584,0.08707724705085262,0.08688606276504923,0.08669487847924584,0.08707724705085262,1.0,1.0,1.0,0.0,0.0,0.0,0.0,0.0,0.0,0.0,0.0,0.0,0.0,0.0,0.0,False
mediation_aware_recourse,False,30.0,2.0,0.5,2,0.0,0.0,0.0,0.0,0.0,0.0,0.05951616600751794,0.05949714324234956,0.05953518877268632,0.6056666666666666,0.5926666666666667,0.6186666666666666,-0.001366734504699707,-0.002204596996307373,-0.000528872013092041,0.08688606276504923,0.08669487847924584,0.08707724705085262,0.08688606276504923,0.08669487847924584,0.08707724705085262,1.0,1.0,1.0,0.0,0.0,0.0,0.0,0.0,0.0,0.0,0.0,0.0,0.0,0.0,0.0,False
mediation_aware_recourse,False,30.0,5.0,0.5,2,0.0,0.0,0.0,0.0,0.0,0.0,0.05951616600751794,0.05949714324234956,0.05953518877268632,0.6056666666666666,0.5926666666666667,0.6186666666666666,-0.001366734504699707,-0.002204596996307373,-0.000528872013092041,0.08688606276504923,0.08669487847924584,0.08707724705085262,0.08688606276504923,0.08669487847924584,0.08707724705085262,1.0,1.0,1.0,0.0,0.0,0.0,0.0,0.0,0.0,0.0,0.0,0.0,0.0,0.0,0.0,False
mediation_aware_recourse,False,30.0,19.13109194380974,0.5,2,0.0,0.0,0.0,0.0,0.0,0.0,0.05951616600751794,0.05949714324234956,0.05953518877268632,0.6056666666666666,0.5926666666666667,0.6186666666666666,-0.001366734504699707,-0.002204596996307373,-0.000528872013092041,0.08688606276504923,0.08669487847924584,0.08707724705085262,0.08688606276504923,0.08669487847924584,0.08707724705085262,1.0,1.0,1.0,0.0,0.0,0.0,0.0,0.0,0.0,0.0,0.0,0.0,0.0,0.0,0.0,True
transport_anchor_only,False,0.0,0.0,1.0,2,0.0,0.0,0.0,0.0,0.0,0.0,0.05951616600751794,0.05949714324234956,0.05953518877268632,0.6056666666666666,0.5926666666666667,0.6186666666666666,-0.001366734504699707,-0.002204596996307373,-0.000528872013092041,0.08688606276504923,0.08669487847924584,0.08707724705085262,0.08688606276504923,0.08669487847924584,0.08707724705085262,1.0,1.0,1.0,0.0,0.0,0.0,0.0,0.0,0.0,0.0,0.0,0.0,0.0,0.0,0.0,False
mediation_aware_recourse,False,0.0,0.5,1.0,2,0.0,0.0,0.0,0.0,0.0,0.0,0.05951616600751794,0.05949714324234956,0.05953518877268632,0.6056666666666666,0.5926666666666667,0.6186666666666666,-0.001366734504699707,-0.002204596996307373,-0.000528872013092041,0.08688606276504923,0.08669487847924584,0.08707724705085262,0.08688606276504923,0.08669487847924584,0.08707724705085262,1.0,1.0,1.0,0.0,0.0,0.0,0.0,0.0,0.0,0.0,0.0,0.0,0.0,0.0,0.0,False
mediation_aware_recourse,False,0.0,1.0,1.0,2,0.0,0.0,0.0,0.0,0.0,0.0,0.05951616600751794,0.05949714324234956,0.05953518877268632,0.6056666666666666,0.5926666666666667,0.6186666666666666,-0.001366734504699707,-0.002204596996307373,-0.000528872013092041,0.08688606276504923,0.08669487847924584,0.08707724705085262,0.08688606276504923,0.08669487847924584,0.08707724705085262,1.0,1.0,1.0,0.0,0.0,0.0,0.0,0.0,0.0,0.0,0.0,0.0,0.0,0.0,0.0,False
mediation_aware_recourse,False,0.0,2.0,1.0,2,0.0,0.0,0.0,0.0,0.0,0.0,0.05951616600751794,0.05949714324234956,0.05953518877268632,0.6056666666666666,0.5926666666666667,0.6186666666666666,-0.001366734504699707,-0.002204596996307373,-0.000528872013092041,0.08688606276504923,0.08669487847924584,0.08707724705085262,0.08688606276504923,0.08669487847924584,0.08707724705085262,1.0,1.0,1.0,0.0,0.0,0.0,0.0,0.0,0.0,0.0,0.0,0.0,0.0,0.0,0.0,False
mediation_aware_recourse,False,0.0,5.0,1.0,2,0.0,0.0,0.0,0.0,0.0,0.0,0.05951616600751794,0.05949714324234956,0.05953518877268632,0.6056666666666666,0.5926666666666667,0.6186666666666666,-0.001366734504699707,-0.002204596996307373,-0.000528872013092041,0.08688606276504923,0.08669487847924584,0.08707724705085262,0.08688606276504923,0.08669487847924584,0.08707724705085262,1.0,1.0,1.0,0.0,0.0,0.0,0.0,0.0,0.0,0.0,0.0,0.0,0.0,0.0,0.0,False
mediation_aware_recourse,False,0.0,19.13109194380974,1.0,2,0.0,0.0,0.0,0.0,0.0,0.0,0.05951616600751794,0.05949714324234956,0.05953518877268632,0.6056666666666666,0.5926666666666667,0.6186666666666666,-0.001366734504699707,-0.002204596996307373,-0.000528872013092041,0.08688606276504923,0.08669487847924584,0.08707724705085262,0.08688606276504923,0.08669487847924584,0.08707724705085262,1.0,1.0,1.0,0.0,0.0,0.0,0.0,0.0,0.0,0.0,0.0,0.0,0.0,0.0,0.0,True
transport_anchor_only,False,1.0,0.0,1.0,2,0.0,0.0,0.0,0.0,0.0,0.0,0.05951616600751794,0.05949714324234956,0.05953518877268632,0.6056666666666666,0.5926666666666667,0.6186666666666666,-0.001366734504699707,-0.002204596996307373,-0.000528872013092041,0.08688606276504923,0.08669487847924584,0.08707724705085262,0.08688606276504923,0.08669487847924584,0.08707724705085262,1.0,1.0,1.0,0.0,0.0,0.0,0.0,0.0,0.0,0.0,0.0,0.0,0.0,0.0,0.0,False
mediation_aware_recourse,False,1.0,0.5,1.0,2,0.0,0.0,0.0,0.0,0.0,0.0,0.05951616600751794,0.05949714324234956,0.05953518877268632,0.6056666666666666,0.5926666666666667,0.6186666666666666,-0.001366734504699707,-0.002204596996307373,-0.000528872013092041,0.08688606276504923,0.08669487847924584,0.08707724705085262,0.08688606276504923,0.08669487847924584,0.08707724705085262,1.0,1.0,1.0,0.0,0.0,0.0,0.0,0.0,0.0,0.0,0.0,0.0,0.0,0.0,0.0,False
mediation_aware_recourse,False,1.0,1.0,1.0,2,0.0,0.0,0.0,0.0,0.0,0.0,0.05951616600751794,0.05949714324234956,0.05953518877268632,0.6056666666666666,0.5926666666666667,0.6186666666666666,-0.001366734504699707,-0.002204596996307373,-0.000528872013092041,0.08688606276504923,0.08669487847924584,0.08707724705085262,0.08688606276504923,0.08669487847924584,0.08707724705085262,1.0,1.0,1.0,0.0,0.0,0.0,0.0,0.0,0.0,0.0,0.0,0.0,0.0,0.0,0.0,False
mediation_aware_recourse,False,1.0,2.0,1.0,2,0.0,0.0,0.0,0.0,0.0,0.0,0.05951616600751794,0.05949714324234956,0.05953518877268632,0.6056666666666666,0.5926666666666667,0.6186666666666666,-0.001366734504699707,-0.002204596996307373,-0.000528872013092041,0.08688606276504923,0.08669487847924584,0.08707724705085262,0.08688606276504923,0.08669487847924584,0.08707724705085262,1.0,1.0,1.0,0.0,0.0,0.0,0.0,0.0,0.0,0.0,0.0,0.0,0.0,0.0,0.0,False
mediation_aware_recourse,False,1.0,5.0,1.0,2,0.0,0.0,0.0,0.0,0.0,0.0,0.05951616600751794,0.05949714324234956,0.05953518877268632,0.6056666666666666,0.5926666666666667,0.6186666666666666,-0.001366734504699707,-0.002204596996307373,-0.000528872013092041,0.08688606276504923,0.08669487847924584,0.08707724705085262,0.08688606276504923,0.08669487847924584,0.08707724705085262,1.0,1.0,1.0,0.0,0.0,0.0,0.0,0.0,0.0,0.0,0.0,0.0,0.0,0.0,0.0,False
mediation_aware_recourse,False,1.0,19.13109194380974,1.0,2,0.0,0.0,0.0,0.0,0.0,0.0,0.05951616600751794,0.05949714324234956,0.05953518877268632,0.6056666666666666,0.5926666666666667,0.6186666666666666,-0.001366734504699707,-0.002204596996307373,-0.000528872013092041,0.08688606276504923,0.08669487847924584,0.08707724705085262,0.08688606276504923,0.08669487847924584,0.08707724705085262,1.0,1.0,1.0,0.0,0.0,0.0,0.0,0.0,0.0,0.0,0.0,0.0,0.0,0.0,0.0,True
transport_anchor_only,False,3.0,0.0,1.0,2,0.0,0.0,0.0,0.0,0.0,0.0,0.05951616600751794,0.05949714324234956,0.05953518877268632,0.6056666666666666,0.5926666666666667,0.6186666666666666,-0.001366734504699707,-0.002204596996307373,-0.000528872013092041,0.08688606276504923,0.08669487847924584,0.08707724705085262,0.08688606276504923,0.08669487847924584,0.08707724705085262,1.0,1.0,1.0,0.0,0.0,0.0,0.0,0.0,0.0,0.0,0.0,0.0,0.0,0.0,0.0,False
mediation_aware_recourse,False,3.0,0.5,1.0,2,0.0,0.0,0.0,0.0,0.0,0.0,0.05951616600751794,0.05949714324234956,0.05953518877268632,0.6056666666666666,0.5926666666666667,0.6186666666666666,-0.001366734504699707,-0.002204596996307373,-0.000528872013092041,0.08688606276504923,0.08669487847924584,0.08707724705085262,0.08688606276504923,0.08669487847924584,0.08707724705085262,1.0,1.0,1.0,0.0,0.0,0.0,0.0,0.0,0.0,0.0,0.0,0.0,0.0,0.0,0.0,False
mediation_aware_recourse,False,3.0,1.0,1.0,2,0.0,0.0,0.0,0.0,0.0,0.0,0.05951616600751794,0.05949714324234956,0.05953518877268632,0.6056666666666666,0.5926666666666667,0.6186666666666666,-0.001366734504699707,-0.002204596996307373,-0.000528872013092041,0.08688606276504923,0.08669487847924584,0.08707724705085262,0.08688606276504923,0.08669487847924584,0.08707724705085262,1.0,1.0,1.0,0.0,0.0,0.0,0.0,0.0,0.0,0.0,0.0,0.0,0.0,0.0,0.0,False
mediation_aware_recourse,False,3.0,2.0,1.0,2,0.0,0.0,0.0,0.0,0.0,0.0,0.05951616600751794,0.05949714324234956,0.05953518877268632,0.6056666666666666,0.5926666666666667,0.6186666666666666,-0.001366734504699707,-0.002204596996307373,-0.000528872013092041,0.08688606276504923,0.08669487847924584,0.08707724705085262,0.08688606276504923,0.08669487847924584,0.08707724705085262,1.0,1.0,1.0,0.0,0.0,0.0,0.0,0.0,0.0,0.0,0.0,0.0,0.0,0.0,0.0,False
mediation_aware_recourse,False,3.0,5.0,1.0,2,0.0,0.0,0.0,0.0,0.0,0.0,0.05951616600751794,0.05949714324234956,0.05953518877268632,0.6056666666666666,0.5926666666666667,0.6186666666666666,-0.001366734504699707,-0.002204596996307373,-0.000528872013092041,0.08688606276504923,0.08669487847924584,0.08707724705085262,0.08688606276504923,0.08669487847924584,0.08707724705085262,1.0,1.0,1.0,0.0,0.0,0.0,0.0,0.0,0.0,0.0,0.0,0.0,0.0,0.0,0.0,False
mediation_aware_recourse,False,3.0,19.13109194380974,1.0,2,0.0,0.0,0.0,0.0,0.0,0.0,0.05951616600751794,0.05949714324234956,0.05953518877268632,0.6056666666666666,0.5926666666666667,0.6186666666666666,-0.001366734504699707,-0.002204596996307373,-0.000528872013092041,0.08688606276504923,0.08669487847924584,0.08707724705085262,0.08688606276504923,0.08669487847924584,0.08707724705085262,1.0,1.0,1.0,0.0,0.0,0.0,0.0,0.0,0.0,0.0,0.0,0.0,0.0,0.0,0.0,True
transport_anchor_only,False,10.0,0.0,1.0,2,0.0,0.0,0.0,0.0,0.0,0.0,0.05951616600751794,0.05949714324234956,0.05953518877268632,0.6056666666666666,0.5926666666666667,0.6186666666666666,-0.001366734504699707,-0.002204596996307373,-0.000528872013092041,0.08688606276504923,0.08669487847924584,0.08707724705085262,0.08688606276504923,0.08669487847924584,0.08707724705085262,1.0,1.0,1.0,0.0,0.0,0.0,0.0,0.0,0.0,0.0,0.0,0.0,0.0,0.0,0.0,False
mediation_aware_recourse,False,10.0,0.5,1.0,2,0.0,0.0,0.0,0.0,0.0,0.0,0.05951616600751794,0.05949714324234956,0.05953518877268632,0.6056666666666666,0.5926666666666667,0.6186666666666666,-0.001366734504699707,-0.002204596996307373,-0.000528872013092041,0.08688606276504923,0.08669487847924584,0.08707724705085262,0.08688606276504923,0.08669487847924584,0.08707724705085262,1.0,1.0,1.0,0.0,0.0,0.0,0.0,0.0,0.0,0.0,0.0,0.0,0.0,0.0,0.0,False
mediation_aware_recourse,False,10.0,1.0,1.0,2,0.0,0.0,0.0,0.0,0.0,0.0,0.05951616600751794,0.05949714324234956,0.05953518877268632,0.6056666666666666,0.5926666666666667,0.6186666666666666,-0.001366734504699707,-0.002204596996307373,-0.000528872013092041,0.08688606276504923,0.08669487847924584,0.08707724705085262,0.08688606276504923,0.08669487847924584,0.08707724705085262,1.0,1.0,1.0,0.0,0.0,0.0,0.0,0.0,0.0,0.0,0.0,0.0,0.0,0.0,0.0,False
mediation_aware_recourse,False,10.0,2.0,1.0,2,0.0,0.0,0.0,0.0,0.0,0.0,0.05951616600751794,0.05949714324234956,0.05953518877268632,0.6056666666666666,0.5926666666666667,0.6186666666666666,-0.001366734504699707,-0.002204596996307373,-0.000528872013092041,0.08688606276504923,0.08669487847924584,0.08707724705085262,0.08688606276504923,0.08669487847924584,0.08707724705085262,1.0,1.0,1.0,0.0,0.0,0.0,0.0,0.0,0.0,0.0,0.0,0.0,0.0,0.0,0.0,False
mediation_aware_recourse,False,10.0,5.0,1.0,2,0.0,0.0,0.0,0.0,0.0,0.0,0.05951616600751794,0.05949714324234956,0.05953518877268632,0.6056666666666666,0.5926666666666667,0.6186666666666666,-0.001366734504699707,-0.002204596996307373,-0.000528872013092041,0.08688606276504923,0.08669487847924584,0.08707724705085262,0.08688606276504923,0.08669487847924584,0.08707724705085262,1.0,1.0,1.0,0.0,0.0,0.0,0.0,0.0,0.0,0.0,0.0,0.0,0.0,0.0,0.0,False
mediation_aware_recourse,False,10.0,19.13109194380974,1.0,2,0.0,0.0,0.0,0.0,0.0,0.0,0.05951616600751794,0.05949714324234956,0.05953518877268632,0.6056666666666666,0.5926666666666667,0.6186666666666666,-0.001366734504699707,-0.002204596996307373,-0.000528872013092041,0.08688606276504923,0.08669487847924584,0.08707724705085262,0.08688606276504923,0.08669487847924584,0.08707724705085262,1.0,1.0,1.0,0.0,0.0,0.0,0.0,0.0,0.0,0.0,0.0,0.0,0.0,0.0,0.0,True
transport_anchor_only,False,30.0,0.0,1.0,2,0.0,0.0,0.0,0.0,0.0,0.0,0.05951616600751794,0.05949714324234956,0.05953518877268632,0.6056666666666666,0.5926666666666667,0.6186666666666666,-0.001366734504699707,-0.002204596996307373,-0.000528872013092041,0.08688606276504923,0.08669487847924584,0.08707724705085262,0.08688606276504923,0.08669487847924584,0.08707724705085262,1.0,1.0,1.0,0.0,0.0,0.0,0.0,0.0,0.0,0.0,0.0,0.0,0.0,0.0,0.0,False
mediation_aware_recourse,False,30.0,0.5,1.0,2,0.0,0.0,0.0,0.0,0.0,0.0,0.05951616600751794,0.05949714324234956,0.05953518877268632,0.6056666666666666,0.5926666666666667,0.6186666666666666,-0.001366734504699707,-0.002204596996307373,-0.000528872013092041,0.08688606276504923,0.08669487847924584,0.08707724705085262,0.08688606276504923,0.08669487847924584,0.08707724705085262,1.0,1.0,1.0,0.0,0.0,0.0,0.0,0.0,0.0,0.0,0.0,0.0,0.0,0.0,0.0,False
mediation_aware_recourse,False,30.0,1.0,1.0,2,0.0,0.0,0.0,0.0,0.0,0.0,0.05951616600751794,0.05949714324234956,0.05953518877268632,0.6056666666666666,0.5926666666666667,0.6186666666666666,-0.001366734504699707,-0.002204596996307373,-0.000528872013092041,0.08688606276504923,0.08669487847924584,0.08707724705085262,0.08688606276504923,0.08669487847924584,0.08707724705085262,1.0,1.0,1.0,0.0,0.0,0.0,0.0,0.0,0.0,0.0,0.0,0.0,0.0,0.0,0.0,False
mediation_aware_recourse,False,30.0,2.0,1.0,2,0.0,0.0,0.0,0.0,0.0,0.0,0.05951616600751794,0.05949714324234956,0.05953518877268632,0.6056666666666666,0.5926666666666667,0.6186666666666666,-0.001366734504699707,-0.002204596996307373,-0.000528872013092041,0.08688606276504923,0.08669487847924584,0.08707724705085262,0.08688606276504923,0.08669487847924584,0.08707724705085262,1.0,1.0,1.0,0.0,0.0,0.0,0.0,0.0,0.0,0.0,0.0,0.0,0.0,0.0,0.0,False
mediation_aware_recourse,False,30.0,5.0,1.0,2,0.0,0.0,0.0,0.0,0.0,0.0,0.05951616600751794,0.05949714324234956,0.05953518877268632,0.6056666666666666,0.5926666666666667,0.6186666666666666,-0.001366734504699707,-0.002204596996307373,-0.000528872013092041,0.08688606276504923,0.08669487847924584,0.08707724705085262,0.08688606276504923,0.08669487847924584,0.08707724705085262,1.0,1.0,1.0,0.0,0.0,0.0,0.0,0.0,0.0,0.0,0.0,0.0,0.0,0.0,0.0,False
mediation_aware_recourse,False,30.0,19.13109194380974,1.0,2,0.0,0.0,0.0,0.0,0.0,0.0,0.05951616600751794,0.05949714324234956,0.05953518877268632,0.6056666666666666,0.5926666666666667,0.6186666666666666,-0.001366734504699707,-0.002204596996307373,-0.000528872013092041,0.08688606276504923,0.08669487847924584,0.08707724705085262,0.08688606276504923,0.08669487847924584,0.08707724705085262,1.0,1.0,1.0,0.0,0.0,0.0,0.0,0.0,0.0,0.0,0.0,0.0,0.0,0.0,0.0,True
transport_anchor_only,False,0.0,0.0,2.0,2,0.0,0.0,0.0,0.0,0.0,0.0,0.05951616600751794,0.05949714324234956,0.05953518877268632,0.6056666666666666,0.5926666666666667,0.6186666666666666,-0.001366734504699707,-0.002204596996307373,-0.000528872013092041,0.08688606276504923,0.08669487847924584,0.08707724705085262,0.08688606276504923,0.08669487847924584,0.08707724705085262,1.0,1.0,1.0,0.0,0.0,0.0,0.0,0.0,0.0,0.0,0.0,0.0,0.0,0.0,0.0,False
mediation_aware_recourse,False,0.0,0.5,2.0,2,0.0,0.0,0.0,0.0,0.0,0.0,0.05951616600751794,0.05949714324234956,0.05953518877268632,0.6056666666666666,0.5926666666666667,0.6186666666666666,-0.001366734504699707,-0.002204596996307373,-0.000528872013092041,0.08688606276504923,0.08669487847924584,0.08707724705085262,0.08688606276504923,0.08669487847924584,0.08707724705085262,1.0,1.0,1.0,0.0,0.0,0.0,0.0,0.0,0.0,0.0,0.0,0.0,0.0,0.0,0.0,False
mediation_aware_recourse,False,0.0,1.0,2.0,2,0.0,0.0,0.0,0.0,0.0,0.0,0.05951616600751794,0.05949714324234956,0.05953518877268632,0.6056666666666666,0.5926666666666667,0.6186666666666666,-0.001366734504699707,-0.002204596996307373,-0.000528872013092041,0.08688606276504923,0.08669487847924584,0.08707724705085262,0.08688606276504923,0.08669487847924584,0.08707724705085262,1.0,1.0,1.0,0.0,0.0,0.0,0.0,0.0,0.0,0.0,0.0,0.0,0.0,0.0,0.0,False
mediation_aware_recourse,False,0.0,2.0,2.0,2,0.0,0.0,0.0,0.0,0.0,0.0,0.05951616600751794,0.05949714324234956,0.05953518877268632,0.6056666666666666,0.5926666666666667,0.6186666666666666,-0.001366734504699707,-0.002204596996307373,-0.000528872013092041,0.08688606276504923,0.08669487847924584,0.08707724705085262,0.08688606276504923,0.08669487847924584,0.08707724705085262,1.0,1.0,1.0,0.0,0.0,0.0,0.0,0.0,0.0,0.0,0.0,0.0,0.0,0.0,0.0,False
mediation_aware_recourse,False,0.0,5.0,2.0,2,0.0,0.0,0.0,0.0,0.0,0.0,0.05951616600751794,0.05949714324234956,0.05953518877268632,0.6056666666666666,0.5926666666666667,0.6186666666666666,-0.001366734504699707,-0.002204596996307373,-0.000528872013092041,0.08688606276504923,0.08669487847924584,0.08707724705085262,0.08688606276504923,0.08669487847924584,0.08707724705085262,1.0,1.0,1.0,0.0,0.0,0.0,0.0,0.0,0.0,0.0,0.0,0.0,0.0,0.0,0.0,False
mediation_aware_recourse,False,0.0,19.13109194380974,2.0,2,0.0,0.0,0.0,0.0,0.0,0.0,0.05951616600751794,0.05949714324234956,0.05953518877268632,0.6056666666666666,0.5926666666666667,0.6186666666666666,-0.001366734504699707,-0.002204596996307373,-0.000528872013092041,0.08688606276504923,0.08669487847924584,0.08707724705085262,0.08688606276504923,0.08669487847924584,0.08707724705085262,1.0,1.0,1.0,0.0,0.0,0.0,0.0,0.0,0.0,0.0,0.0,0.0,0.0,0.0,0.0,True
transport_anchor_only,False,1.0,0.0,2.0,2,0.0,0.0,0.0,0.0,0.0,0.0,0.05951616600751794,0.05949714324234956,0.05953518877268632,0.6056666666666666,0.5926666666666667,0.6186666666666666,-0.001366734504699707,-0.002204596996307373,-0.000528872013092041,0.08688606276504923,0.08669487847924584,0.08707724705085262,0.08688606276504923,0.08669487847924584,0.08707724705085262,1.0,1.0,1.0,0.0,0.0,0.0,0.0,0.0,0.0,0.0,0.0,0.0,0.0,0.0,0.0,False
mediation_aware_recourse,False,1.0,0.5,2.0,2,0.0,0.0,0.0,0.0,0.0,0.0,0.05951616600751794,0.05949714324234956,0.05953518877268632,0.6056666666666666,0.5926666666666667,0.6186666666666666,-0.001366734504699707,-0.002204596996307373,-0.000528872013092041,0.08688606276504923,0.08669487847924584,0.08707724705085262,0.08688606276504923,0.08669487847924584,0.08707724705085262,1.0,1.0,1.0,0.0,0.0,0.0,0.0,0.0,0.0,0.0,0.0,0.0,0.0,0.0,0.0,False
mediation_aware_recourse,False,1.0,1.0,2.0,2,0.0,0.0,0.0,0.0,0.0,0.0,0.05951616600751794,0.05949714324234956,0.05953518877268632,0.6056666666666666,0.5926666666666667,0.6186666666666666,-0.001366734504699707,-0.002204596996307373,-0.000528872013092041,0.08688606276504923,0.08669487847924584,0.08707724705085262,0.08688606276504923,0.08669487847924584,0.08707724705085262,1.0,1.0,1.0,0.0,0.0,0.0,0.0,0.0,0.0,0.0,0.0,0.0,0.0,0.0,0.0,False
mediation_aware_recourse,False,1.0,2.0,2.0,2,0.0,0.0,0.0,0.0,0.0,0.0,0.05951616600751794,0.05949714324234956,0.05953518877268632,0.6056666666666666,0.5926666666666667,0.6186666666666666,-0.001366734504699707,-0.002204596996307373,-0.000528872013092041,0.08688606276504923,0.08669487847924584,0.08707724705085262,0.08688606276504923,0.08669487847924584,0.08707724705085262,1.0,1.0,1.0,0.0,0.0,0.0,0.0,0.0,0.0,0.0,0.0,0.0,0.0,0.0,0.0,False
mediation_aware_recourse,False,1.0,5.0,2.0,2,0.0,0.0,0.0,0.0,0.0,0.0,0.05951616600751794,0.05949714324234956,0.05953518877268632,0.6056666666666666,0.5926666666666667,0.6186666666666666,-0.001366734504699707,-0.002204596996307373,-0.000528872013092041,0.08688606276504923,0.08669487847924584,0.08707724705085262,0.08688606276504923,0.08669487847924584,0.08707724705085262,1.0,1.0,1.0,0.0,0.0,0.0,0.0,0.0,0.0,0.0,0.0,0.0,0.0,0.0,0.0,False
mediation_aware_recourse,False,1.0,19.13109194380974,2.0,2,0.0,0.0,0.0,0.0,0.0,0.0,0.05951616600751794,0.05949714324234956,0.05953518877268632,0.6056666666666666,0.5926666666666667,0.6186666666666666,-0.001366734504699707,-0.002204596996307373,-0.000528872013092041,0.08688606276504923,0.08669487847924584,0.08707724705085262,0.08688606276504923,0.08669487847924584,0.08707724705085262,1.0,1.0,1.0,0.0,0.0,0.0,0.0,0.0,0.0,0.0,0.0,0.0,0.0,0.0,0.0,True
transport_anchor_only,False,3.0,0.0,2.0,2,0.0,0.0,0.0,0.0,0.0,0.0,0.05951616600751794,0.05949714324234956,0.05953518877268632,0.6056666666666666,0.5926666666666667,0.6186666666666666,-0.001366734504699707,-0.002204596996307373,-0.000528872013092041,0.08688606276504923,0.08669487847924584,0.08707724705085262,0.08688606276504923,0.08669487847924584,0.08707724705085262,1.0,1.0,1.0,0.0,0.0,0.0,0.0,0.0,0.0,0.0,0.0,0.0,0.0,0.0,0.0,False
mediation_aware_recourse,False,3.0,0.5,2.0,2,0.0,0.0,0.0,0.0,0.0,0.0,0.05951616600751794,0.05949714324234956,0.05953518877268632,0.6056666666666666,0.5926666666666667,0.6186666666666666,-0.001366734504699707,-0.002204596996307373,-0.000528872013092041,0.08688606276504923,0.08669487847924584,0.08707724705085262,0.08688606276504923,0.08669487847924584,0.08707724705085262,1.0,1.0,1.0,0.0,0.0,0.0,0.0,0.0,0.0,0.0,0.0,0.0,0.0,0.0,0.0,False
mediation_aware_recourse,False,3.0,1.0,2.0,2,0.0,0.0,0.0,0.0,0.0,0.0,0.05951616600751794,0.05949714324234956,0.05953518877268632,0.6056666666666666,0.5926666666666667,0.6186666666666666,-0.001366734504699707,-0.002204596996307373,-0.000528872013092041,0.08688606276504923,0.08669487847924584,0.08707724705085262,0.08688606276504923,0.08669487847924584,0.08707724705085262,1.0,1.0,1.0,0.0,0.0,0.0,0.0,0.0,0.0,0.0,0.0,0.0,0.0,0.0,0.0,False
mediation_aware_recourse,False,3.0,2.0,2.0,2,0.0,0.0,0.0,0.0,0.0,0.0,0.05951616600751794,0.05949714324234956,0.05953518877268632,0.6056666666666666,0.5926666666666667,0.6186666666666666,-0.001366734504699707,-0.002204596996307373,-0.000528872013092041,0.08688606276504923,0.08669487847924584,0.08707724705085262,0.08688606276504923,0.08669487847924584,0.08707724705085262,1.0,1.0,1.0,0.0,0.0,0.0,0.0,0.0,0.0,0.0,0.0,0.0,0.0,0.0,0.0,False
mediation_aware_recourse,False,3.0,5.0,2.0,2,0.0,0.0,0.0,0.0,0.0,0.0,0.05951616600751794,0.05949714324234956,0.05953518877268632,0.6056666666666666,0.5926666666666667,0.6186666666666666,-0.001366734504699707,-0.002204596996307373,-0.000528872013092041,0.08688606276504923,0.08669487847924584,0.08707724705085262,0.08688606276504923,0.08669487847924584,0.08707724705085262,1.0,1.0,1.0,0.0,0.0,0.0,0.0,0.0,0.0,0.0,0.0,0.0,0.0,0.0,0.0,False
mediation_aware_recourse,False,3.0,19.13109194380974,2.0,2,0.0,0.0,0.0,0.0,0.0,0.0,0.05951616600751794,0.05949714324234956,0.05953518877268632,0.6056666666666666,0.5926666666666667,0.6186666666666666,-0.001366734504699707,-0.002204596996307373,-0.000528872013092041,0.08688606276504923,0.08669487847924584,0.08707724705085262,0.08688606276504923,0.08669487847924584,0.08707724705085262,1.0,1.0,1.0,0.0,0.0,0.0,0.0,0.0,0.0,0.0,0.0,0.0,0.0,0.0,0.0,True
transport_anchor_only,False,10.0,0.0,2.0,2,0.0,0.0,0.0,0.0,0.0,0.0,0.05951616600751794,0.05949714324234956,0.05953518877268632,0.6056666666666666,0.5926666666666667,0.6186666666666666,-0.001366734504699707,-0.002204596996307373,-0.000528872013092041,0.08688606276504923,0.08669487847924584,0.08707724705085262,0.08688606276504923,0.08669487847924584,0.08707724705085262,1.0,1.0,1.0,0.0,0.0,0.0,0.0,0.0,0.0,0.0,0.0,0.0,0.0,0.0,0.0,False
mediation_aware_recourse,False,10.0,0.5,2.0,2,0.0,0.0,0.0,0.0,0.0,0.0,0.05951616600751794,0.05949714324234956,0.05953518877268632,0.6056666666666666,0.5926666666666667,0.6186666666666666,-0.001366734504699707,-0.002204596996307373,-0.000528872013092041,0.08688606276504923,0.08669487847924584,0.08707724705085262,0.08688606276504923,0.08669487847924584,0.08707724705085262,1.0,1.0,1.0,0.0,0.0,0.0,0.0,0.0,0.0,0.0,0.0,0.0,0.0,0.0,0.0,False
mediation_aware_recourse,False,10.0,1.0,2.0,2,0.0,0.0,0.0,0.0,0.0,0.0,0.05951616600751794,0.05949714324234956,0.05953518877268632,0.6056666666666666,0.5926666666666667,0.6186666666666666,-0.001366734504699707,-0.002204596996307373,-0.000528872013092041,0.08688606276504923,0.08669487847924584,0.08707724705085262,0.08688606276504923,0.08669487847924584,0.08707724705085262,1.0,1.0,1.0,0.0,0.0,0.0,0.0,0.0,0.0,0.0,0.0,0.0,0.0,0.0,0.0,False
mediation_aware_recourse,False,10.0,2.0,2.0,2,0.0,0.0,0.0,0.0,0.0,0.0,0.05951616600751794,0.05949714324234956,0.05953518877268632,0.6056666666666666,0.5926666666666667,0.6186666666666666,-0.001366734504699707,-0.002204596996307373,-0.000528872013092041,0.08688606276504923,0.08669487847924584,0.08707724705085262,0.08688606276504923,0.08669487847924584,0.08707724705085262,1.0,1.0,1.0,0.0,0.0,0.0,0.0,0.0,0.0,0.0,0.0,0.0,0.0,0.0,0.0,False
mediation_aware_recourse,False,10.0,5.0,2.0,2,0.0,0.0,0.0,0.0,0.0,0.0,0.05951616600751794,0.05949714324234956,0.05953518877268632,0.6056666666666666,0.5926666666666667,0.6186666666666666,-0.001366734504699707,-0.002204596996307373,-0.000528872013092041,0.08688606276504923,0.08669487847924584,0.08707724705085262,0.08688606276504923,0.08669487847924584,0.08707724705085262,1.0,1.0,1.0,0.0,0.0,0.0,0.0,0.0,0.0,0.0,0.0,0.0,0.0,0.0,0.0,False
mediation_aware_recourse,False,10.0,19.13109194380974,2.0,2,0.0,0.0,0.0,0.0,0.0,0.0,0.05951616600751794,0.05949714324234956,0.05953518877268632,0.6056666666666666,0.5926666666666667,0.6186666666666666,-0.001366734504699707,-0.002204596996307373,-0.000528872013092041,0.08688606276504923,0.08669487847924584,0.08707724705085262,0.08688606276504923,0.08669487847924584,0.08707724705085262,1.0,1.0,1.0,0.0,0.0,0.0,0.0,0.0,0.0,0.0,0.0,0.0,0.0,0.0,0.0,True
transport_anchor_only,False,30.0,0.0,2.0,2,0.0,0.0,0.0,0.0,0.0,0.0,0.05951616600751794,0.05949714324234956,0.05953518877268632,0.6056666666666666,0.5926666666666667,0.6186666666666666,-0.001366734504699707,-0.002204596996307373,-0.000528872013092041,0.08688606276504923,0.08669487847924584,0.08707724705085262,0.08688606276504923,0.08669487847924584,0.08707724705085262,1.0,1.0,1.0,0.0,0.0,0.0,0.0,0.0,0.0,0.0,0.0,0.0,0.0,0.0,0.0,False
mediation_aware_recourse,False,30.0,0.5,2.0,2,0.0,0.0,0.0,0.0,0.0,0.0,0.05951616600751794,0.05949714324234956,0.05953518877268632,0.6056666666666666,0.5926666666666667,0.6186666666666666,-0.001366734504699707,-0.002204596996307373,-0.000528872013092041,0.08688606276504923,0.08669487847924584,0.08707724705085262,0.08688606276504923,0.08669487847924584,0.08707724705085262,1.0,1.0,1.0,0.0,0.0,0.0,0.0,0.0,0.0,0.0,0.0,0.0,0.0,0.0,0.0,False
mediation_aware_recourse,False,30.0,1.0,2.0,2,0.0,0.0,0.0,0.0,0.0,0.0,0.05951616600751794,0.05949714324234956,0.05953518877268632,0.6056666666666666,0.5926666666666667,0.6186666666666666,-0.001366734504699707,-0.002204596996307373,-0.000528872013092041,0.08688606276504923,0.08669487847924584,0.08707724705085262,0.08688606276504923,0.08669487847924584,0.08707724705085262,1.0,1.0,1.0,0.0,0.0,0.0,0.0,0.0,0.0,0.0,0.0,0.0,0.0,0.0,0.0,False
mediation_aware_recourse,False,30.0,2.0,2.0,2,0.0,0.0,0.0,0.0,0.0,0.0,0.05951616600751794,0.05949714324234956,0.05953518877268632,0.6056666666666666,0.5926666666666667,0.6186666666666666,-0.001366734504699707,-0.002204596996307373,-0.000528872013092041,0.08688606276504923,0.08669487847924584,0.08707724705085262,0.08688606276504923,0.08669487847924584,0.08707724705085262,1.0,1.0,1.0,0.0,0.0,0.0,0.0,0.0,0.0,0.0,0.0,0.0,0.0,0.0,0.0,False
mediation_aware_recourse,False,30.0,5.0,2.0,2,0.0,0.0,0.0,0.0,0.0,0.0,0.05951616600751794,0.05949714324234956,0.05953518877268632,0.6056666666666666,0.5926666666666667,0.6186666666666666,-0.001366734504699707,-0.002204596996307373,-0.000528872013092041,0.08688606276504923,0.08669487847924584,0.08707724705085262,0.08688606276504923,0.08669487847924584,0.08707724705085262,1.0,1.0,1.0,0.0,0.0,0.0,0.0,0.0,0.0,0.0,0.0,0.0,0.0,0.0,0.0,False
mediation_aware_recourse,False,30.0,19.13109194380974,2.0,2,0.0,0.0,0.0,0.0,0.0,0.0,0.05951616600751794,0.05949714324234956,0.05953518877268632,0.6056666666666666,0.5926666666666667,0.6186666666666666,-0.001366734504699707,-0.002204596996307373,-0.000528872013092041,0.08688606276504923,0.08669487847924584,0.08707724705085262,0.08688606276504923,0.08669487847924584,0.08707724705085262,1.0,1.0,1.0,0.0,0.0,0.0,0.0,0.0,0.0,0.0,0.0,0.0,0.0,0.0,0.0,True
transport_anchor_only,False,0.0,0.0,5.0,2,0.0,0.0,0.0,0.0,0.0,0.0,0.05951616600751794,0.05949714324234956,0.05953518877268632,0.6056666666666666,0.5926666666666667,0.6186666666666666,-0.001366734504699707,-0.002204596996307373,-0.000528872013092041,0.08688606276504923,0.08669487847924584,0.08707724705085262,0.08688606276504923,0.08669487847924584,0.08707724705085262,1.0,1.0,1.0,0.0,0.0,0.0,0.0,0.0,0.0,0.0,0.0,0.0,0.0,0.0,0.0,False
mediation_aware_recourse,False,0.0,0.5,5.0,2,0.0,0.0,0.0,0.0,0.0,0.0,0.05951616600751794,0.05949714324234956,0.05953518877268632,0.6056666666666666,0.5926666666666667,0.6186666666666666,-0.001366734504699707,-0.002204596996307373,-0.000528872013092041,0.08688606276504923,0.08669487847924584,0.08707724705085262,0.08688606276504923,0.08669487847924584,0.08707724705085262,1.0,1.0,1.0,0.0,0.0,0.0,0.0,0.0,0.0,0.0,0.0,0.0,0.0,0.0,0.0,False
mediation_aware_recourse,False,0.0,1.0,5.0,2,0.0,0.0,0.0,0.0,0.0,0.0,0.05951616600751794,0.05949714324234956,0.05953518877268632,0.6056666666666666,0.5926666666666667,0.6186666666666666,-0.001366734504699707,-0.002204596996307373,-0.000528872013092041,0.08688606276504923,0.08669487847924584,0.08707724705085262,0.08688606276504923,0.08669487847924584,0.08707724705085262,1.0,1.0,1.0,0.0,0.0,0.0,0.0,0.0,0.0,0.0,0.0,0.0,0.0,0.0,0.0,False
mediation_aware_recourse,False,0.0,2.0,5.0,2,0.0,0.0,0.0,0.0,0.0,0.0,0.05951616600751794,0.05949714324234956,0.05953518877268632,0.6056666666666666,0.5926666666666667,0.6186666666666666,-0.001366734504699707,-0.002204596996307373,-0.000528872013092041,0.08688606276504923,0.08669487847924584,0.08707724705085262,0.08688606276504923,0.08669487847924584,0.08707724705085262,1.0,1.0,1.0,0.0,0.0,0.0,0.0,0.0,0.0,0.0,0.0,0.0,0.0,0.0,0.0,False
mediation_aware_recourse,False,0.0,5.0,5.0,2,0.0,0.0,0.0,0.0,0.0,0.0,0.05951616600751794,0.05949714324234956,0.05953518877268632,0.6056666666666666,0.5926666666666667,0.6186666666666666,-0.001366734504699707,-0.002204596996307373,-0.000528872013092041,0.08688606276504923,0.08669487847924584,0.08707724705085262,0.08688606276504923,0.08669487847924584,0.08707724705085262,1.0,1.0,1.0,0.0,0.0,0.0,0.0,0.0,0.0,0.0,0.0,0.0,0.0,0.0,0.0,False
mediation_aware_recourse,False,0.0,19.13109194380974,5.0,2,0.0,0.0,0.0,0.0,0.0,0.0,0.05951616600751794,0.05949714324234956,0.05953518877268632,0.6056666666666666,0.5926666666666667,0.6186666666666666,-0.001366734504699707,-0.002204596996307373,-0.000528872013092041,0.08688606276504923,0.08669487847924584,0.08707724705085262,0.08688606276504923,0.08669487847924584,0.08707724705085262,1.0,1.0,1.0,0.0,0.0,0.0,0.0,0.0,0.0,0.0,0.0,0.0,0.0,0.0,0.0,True
transport_anchor_only,False,1.0,0.0,5.0,2,0.0,0.0,0.0,0.0,0.0,0.0,0.05951616600751794,0.05949714324234956,0.05953518877268632,0.6056666666666666,0.5926666666666667,0.6186666666666666,-0.001366734504699707,-0.002204596996307373,-0.000528872013092041,0.08688606276504923,0.08669487847924584,0.08707724705085262,0.08688606276504923,0.08669487847924584,0.08707724705085262,1.0,1.0,1.0,0.0,0.0,0.0,0.0,0.0,0.0,0.0,0.0,0.0,0.0,0.0,0.0,False
mediation_aware_recourse,False,1.0,0.5,5.0,2,0.0,0.0,0.0,0.0,0.0,0.0,0.05951616600751794,0.05949714324234956,0.05953518877268632,0.6056666666666666,0.5926666666666667,0.6186666666666666,-0.001366734504699707,-0.002204596996307373,-0.000528872013092041,0.08688606276504923,0.08669487847924584,0.08707724705085262,0.08688606276504923,0.08669487847924584,0.08707724705085262,1.0,1.0,1.0,0.0,0.0,0.0,0.0,0.0,0.0,0.0,0.0,0.0,0.0,0.0,0.0,False
mediation_aware_recourse,False,1.0,1.0,5.0,2,0.0,0.0,0.0,0.0,0.0,0.0,0.05951616600751794,0.05949714324234956,0.05953518877268632,0.6056666666666666,0.5926666666666667,0.6186666666666666,-0.001366734504699707,-0.002204596996307373,-0.000528872013092041,0.08688606276504923,0.08669487847924584,0.08707724705085262,0.08688606276504923,0.08669487847924584,0.08707724705085262,1.0,1.0,1.0,0.0,0.0,0.0,0.0,0.0,0.0,0.0,0.0,0.0,0.0,0.0,0.0,False
mediation_aware_recourse,False,1.0,2.0,5.0,2,0.0,0.0,0.0,0.0,0.0,0.0,0.05951616600751794,0.05949714324234956,0.05953518877268632,0.6056666666666666,0.5926666666666667,0.6186666666666666,-0.001366734504699707,-0.002204596996307373,-0.000528872013092041,0.08688606276504923,0.08669487847924584,0.08707724705085262,0.08688606276504923,0.08669487847924584,0.08707724705085262,1.0,1.0,1.0,0.0,0.0,0.0,0.0,0.0,0.0,0.0,0.0,0.0,0.0,0.0,0.0,False
mediation_aware_recourse,False,1.0,5.0,5.0,2,0.0,0.0,0.0,0.0,0.0,0.0,0.05951616600751794,0.05949714324234956,0.05953518877268632,0.6056666666666666,0.5926666666666667,0.6186666666666666,-0.001366734504699707,-0.002204596996307373,-0.000528872013092041,0.08688606276504923,0.08669487847924584,0.08707724705085262,0.08688606276504923,0.08669487847924584,0.08707724705085262,1.0,1.0,1.0,0.0,0.0,0.0,0.0,0.0,0.0,0.0,0.0,0.0,0.0,0.0,0.0,False
mediation_aware_recourse,False,1.0,19.13109194380974,5.0,2,0.0,0.0,0.0,0.0,0.0,0.0,0.05951616600751794,0.05949714324234956,0.05953518877268632,0.6056666666666666,0.5926666666666667,0.6186666666666666,-0.001366734504699707,-0.002204596996307373,-0.000528872013092041,0.08688606276504923,0.08669487847924584,0.08707724705085262,0.08688606276504923,0.08669487847924584,0.08707724705085262,1.0,1.0,1.0,0.0,0.0,0.0,0.0,0.0,0.0,0.0,0.0,0.0,0.0,0.0,0.0,True
transport_anchor_only,False,3.0,0.0,5.0,2,0.0,0.0,0.0,0.0,0.0,0.0,0.05951616600751794,0.05949714324234956,0.05953518877268632,0.6056666666666666,0.5926666666666667,0.6186666666666666,-0.001366734504699707,-0.002204596996307373,-0.000528872013092041,0.08688606276504923,0.08669487847924584,0.08707724705085262,0.08688606276504923,0.08669487847924584,0.08707724705085262,1.0,1.0,1.0,0.0,0.0,0.0,0.0,0.0,0.0,0.0,0.0,0.0,0.0,0.0,0.0,False
mediation_aware_recourse,False,3.0,0.5,5.0,2,0.0,0.0,0.0,0.0,0.0,0.0,0.05951616600751794,0.05949714324234956,0.05953518877268632,0.6056666666666666,0.5926666666666667,0.6186666666666666,-0.001366734504699707,-0.002204596996307373,-0.000528872013092041,0.08688606276504923,0.08669487847924584,0.08707724705085262,0.08688606276504923,0.08669487847924584,0.08707724705085262,1.0,1.0,1.0,0.0,0.0,0.0,0.0,0.0,0.0,0.0,0.0,0.0,0.0,0.0,0.0,False
mediation_aware_recourse,False,3.0,1.0,5.0,2,0.0,0.0,0.0,0.0,0.0,0.0,0.05951616600751794,0.05949714324234956,0.05953518877268632,0.6056666666666666,0.5926666666666667,0.6186666666666666,-0.001366734504699707,-0.002204596996307373,-0.000528872013092041,0.08688606276504923,0.08669487847924584,0.08707724705085262,0.08688606276504923,0.08669487847924584,0.08707724705085262,1.0,1.0,1.0,0.0,0.0,0.0,0.0,0.0,0.0,0.0,0.0,0.0,0.0,0.0,0.0,False
mediation_aware_recourse,False,3.0,2.0,5.0,2,0.0,0.0,0.0,0.0,0.0,0.0,0.05951616600751794,0.05949714324234956,0.05953518877268632,0.6056666666666666,0.5926666666666667,0.6186666666666666,-0.001366734504699707,-0.002204596996307373,-0.000528872013092041,0.08688606276504923,0.08669487847924584,0.08707724705085262,0.08688606276504923,0.08669487847924584,0.08707724705085262,1.0,1.0,1.0,0.0,0.0,0.0,0.0,0.0,0.0,0.0,0.0,0.0,0.0,0.0,0.0,False
mediation_aware_recourse,False,3.0,5.0,5.0,2,0.0,0.0,0.0,0.0,0.0,0.0,0.05951616600751794,0.05949714324234956,0.05953518877268632,0.6056666666666666,0.5926666666666667,0.6186666666666666,-0.001366734504699707,-0.002204596996307373,-0.000528872013092041,0.08688606276504923,0.08669487847924584,0.08707724705085262,0.08688606276504923,0.08669487847924584,0.08707724705085262,1.0,1.0,1.0,0.0,0.0,0.0,0.0,0.0,0.0,0.0,0.0,0.0,0.0,0.0,0.0,False
mediation_aware_recourse,False,3.0,19.13109194380974,5.0,2,0.0,0.0,0.0,0.0,0.0,0.0,0.05951616600751794,0.05949714324234956,0.05953518877268632,0.6056666666666666,0.5926666666666667,0.6186666666666666,-0.001366734504699707,-0.002204596996307373,-0.000528872013092041,0.08688606276504923,0.08669487847924584,0.08707724705085262,0.08688606276504923,0.08669487847924584,0.08707724705085262,1.0,1.0,1.0,0.0,0.0,0.0,0.0,0.0,0.0,0.0,0.0,0.0,0.0,0.0,0.0,True
transport_anchor_only,False,10.0,0.0,5.0,2,0.0,0.0,0.0,0.0,0.0,0.0,0.05951616600751794,0.05949714324234956,0.05953518877268632,0.6056666666666666,0.5926666666666667,0.6186666666666666,-0.001366734504699707,-0.002204596996307373,-0.000528872013092041,0.08688606276504923,0.08669487847924584,0.08707724705085262,0.08688606276504923,0.08669487847924584,0.08707724705085262,1.0,1.0,1.0,0.0,0.0,0.0,0.0,0.0,0.0,0.0,0.0,0.0,0.0,0.0,0.0,False
mediation_aware_recourse,False,10.0,0.5,5.0,2,0.0,0.0,0.0,0.0,0.0,0.0,0.05951616600751794,0.05949714324234956,0.05953518877268632,0.6056666666666666,0.5926666666666667,0.6186666666666666,-0.001366734504699707,-0.002204596996307373,-0.000528872013092041,0.08688606276504923,0.08669487847924584,0.08707724705085262,0.08688606276504923,0.08669487847924584,0.08707724705085262,1.0,1.0,1.0,0.0,0.0,0.0,0.0,0.0,0.0,0.0,0.0,0.0,0.0,0.0,0.0,False
mediation_aware_recourse,False,10.0,1.0,5.0,2,0.0,0.0,0.0,0.0,0.0,0.0,0.05951616600751794,0.05949714324234956,0.05953518877268632,0.6056666666666666,0.5926666666666667,0.6186666666666666,-0.001366734504699707,-0.002204596996307373,-0.000528872013092041,0.08688606276504923,0.08669487847924584,0.08707724705085262,0.08688606276504923,0.08669487847924584,0.08707724705085262,1.0,1.0,1.0,0.0,0.0,0.0,0.0,0.0,0.0,0.0,0.0,0.0,0.0,0.0,0.0,False
mediation_aware_recourse,False,10.0,2.0,5.0,2,0.0,0.0,0.0,0.0,0.0,0.0,0.05951616600751794,0.05949714324234956,0.05953518877268632,0.6056666666666666,0.5926666666666667,0.6186666666666666,-0.001366734504699707,-0.002204596996307373,-0.000528872013092041,0.08688606276504923,0.08669487847924584,0.08707724705085262,0.08688606276504923,0.08669487847924584,0.08707724705085262,1.0,1.0,1.0,0.0,0.0,0.0,0.0,0.0,0.0,0.0,0.0,0.0,0.0,0.0,0.0,False
mediation_aware_recourse,False,10.0,5.0,5.0,2,0.0,0.0,0.0,0.0,0.0,0.0,0.05951616600751794,0.05949714324234956,0.05953518877268632,0.6056666666666666,0.5926666666666667,0.6186666666666666,-0.001366734504699707,-0.002204596996307373,-0.000528872013092041,0.08688606276504923,0.08669487847924584,0.08707724705085262,0.08688606276504923,0.08669487847924584,0.08707724705085262,1.0,1.0,1.0,0.0,0.0,0.0,0.0,0.0,0.0,0.0,0.0,0.0,0.0,0.0,0.0,False
mediation_aware_recourse,False,10.0,19.13109194380974,5.0,2,0.0,0.0,0.0,0.0,0.0,0.0,0.05951616600751794,0.05949714324234956,0.05953518877268632,0.6056666666666666,0.5926666666666667,0.6186666666666666,-0.001366734504699707,-0.002204596996307373,-0.000528872013092041,0.08688606276504923,0.08669487847924584,0.08707724705085262,0.08688606276504923,0.08669487847924584,0.08707724705085262,1.0,1.0,1.0,0.0,0.0,0.0,0.0,0.0,0.0,0.0,0.0,0.0,0.0,0.0,0.0,True
transport_anchor_only,False,30.0,0.0,5.0,2,0.0,0.0,0.0,0.0,0.0,0.0,0.05951616600751794,0.05949714324234956,0.05953518877268632,0.6056666666666666,0.5926666666666667,0.6186666666666666,-0.001366734504699707,-0.002204596996307373,-0.000528872013092041,0.08688606276504923,0.08669487847924584,0.08707724705085262,0.08688606276504923,0.08669487847924584,0.08707724705085262,1.0,1.0,1.0,0.0,0.0,0.0,0.0,0.0,0.0,0.0,0.0,0.0,0.0,0.0,0.0,False
mediation_aware_recourse,False,30.0,0.5,5.0,2,0.0,0.0,0.0,0.0,0.0,0.0,0.05951616600751794,0.05949714324234956,0.05953518877268632,0.6056666666666666,0.5926666666666667,0.6186666666666666,-0.001366734504699707,-0.002204596996307373,-0.000528872013092041,0.08688606276504923,0.08669487847924584,0.08707724705085262,0.08688606276504923,0.08669487847924584,0.08707724705085262,1.0,1.0,1.0,0.0,0.0,0.0,0.0,0.0,0.0,0.0,0.0,0.0,0.0,0.0,0.0,False
mediation_aware_recourse,False,30.0,1.0,5.0,2,0.0,0.0,0.0,0.0,0.0,0.0,0.05951616600751794,0.05949714324234956,0.05953518877268632,0.6056666666666666,0.5926666666666667,0.6186666666666666,-0.001366734504699707,-0.002204596996307373,-0.000528872013092041,0.08688606276504923,0.08669487847924584,0.08707724705085262,0.08688606276504923,0.08669487847924584,0.08707724705085262,1.0,1.0,1.0,0.0,0.0,0.0,0.0,0.0,0.0,0.0,0.0,0.0,0.0,0.0,0.0,False
mediation_aware_recourse,False,30.0,2.0,5.0,2,0.0,0.0,0.0,0.0,0.0,0.0,0.05951616600751794,0.05949714324234956,0.05953518877268632,0.6056666666666666,0.5926666666666667,0.6186666666666666,-0.001366734504699707,-0.002204596996307373,-0.000528872013092041,0.08688606276504923,0.08669487847924584,0.08707724705085262,0.08688606276504923,0.08669487847924584,0.08707724705085262,1.0,1.0,1.0,0.0,0.0,0.0,0.0,0.0,0.0,0.0,0.0,0.0,0.0,0.0,0.0,False
mediation_aware_recourse,False,30.0,5.0,5.0,2,0.0,0.0,0.0,0.0,0.0,0.0,0.05951616600751794,0.05949714324234956,0.05953518877268632,0.6056666666666666,0.5926666666666667,0.6186666666666666,-0.001366734504699707,-0.002204596996307373,-0.000528872013092041,0.08688606276504923,0.08669487847924584,0.08707724705085262,0.08688606276504923,0.08669487847924584,0.08707724705085262,1.0,1.0,1.0,0.0,0.0,0.0,0.0,0.0,0.0,0.0,0.0,0.0,0.0,0.0,0.0,False
mediation_aware_recourse,False,30.0,19.13109194380974,5.0,2,0.0,0.0,0.0,0.0,0.0,0.0,0.05951616600751794,0.05949714324234956,0.05953518877268632,0.6056666666666666,0.5926666666666667,0.6186666666666666,-0.001366734504699707,-0.002204596996307373,-0.000528872013092041,0.08688606276504923,0.08669487847924584,0.08707724705085262,0.08688606276504923,0.08669487847924584,0.08707724705085262,1.0,1.0,1.0,0.0,0.0,0.0,0.0,0.0,0.0,0.0,0.0,0.0,0.0,0.0,0.0,True
transport_anchor_only,False,0.0,0.0,10.0,2,0.0,0.0,0.0,0.0,0.0,0.0,0.05951616600751794,0.05949714324234956,0.05953518877268632,0.6056666666666666,0.5926666666666667,0.6186666666666666,-0.001366734504699707,-0.002204596996307373,-0.000528872013092041,0.08688606276504923,0.08669487847924584,0.08707724705085262,0.08688606276504923,0.08669487847924584,0.08707724705085262,1.0,1.0,1.0,0.0,0.0,0.0,0.0,0.0,0.0,0.0,0.0,0.0,0.0,0.0,0.0,False
mediation_aware_recourse,False,0.0,0.5,10.0,2,0.0,0.0,0.0,0.0,0.0,0.0,0.05951616600751794,0.05949714324234956,0.05953518877268632,0.6056666666666666,0.5926666666666667,0.6186666666666666,-0.001366734504699707,-0.002204596996307373,-0.000528872013092041,0.08688606276504923,0.08669487847924584,0.08707724705085262,0.08688606276504923,0.08669487847924584,0.08707724705085262,1.0,1.0,1.0,0.0,0.0,0.0,0.0,0.0,0.0,0.0,0.0,0.0,0.0,0.0,0.0,False
mediation_aware_recourse,False,0.0,1.0,10.0,2,0.0,0.0,0.0,0.0,0.0,0.0,0.05951616600751794,0.05949714324234956,0.05953518877268632,0.6056666666666666,0.5926666666666667,0.6186666666666666,-0.001366734504699707,-0.002204596996307373,-0.000528872013092041,0.08688606276504923,0.08669487847924584,0.08707724705085262,0.08688606276504923,0.08669487847924584,0.08707724705085262,1.0,1.0,1.0,0.0,0.0,0.0,0.0,0.0,0.0,0.0,0.0,0.0,0.0,0.0,0.0,False
mediation_aware_recourse,False,0.0,2.0,10.0,2,0.0,0.0,0.0,0.0,0.0,0.0,0.05951616600751794,0.05949714324234956,0.05953518877268632,0.6056666666666666,0.5926666666666667,0.6186666666666666,-0.001366734504699707,-0.002204596996307373,-0.000528872013092041,0.08688606276504923,0.08669487847924584,0.08707724705085262,0.08688606276504923,0.08669487847924584,0.08707724705085262,1.0,1.0,1.0,0.0,0.0,0.0,0.0,0.0,0.0,0.0,0.0,0.0,0.0,0.0,0.0,False
mediation_aware_recourse,False,0.0,5.0,10.0,2,0.0,0.0,0.0,0.0,0.0,0.0,0.05951616600751794,0.05949714324234956,0.05953518877268632,0.6056666666666666,0.5926666666666667,0.6186666666666666,-0.001366734504699707,-0.002204596996307373,-0.000528872013092041,0.08688606276504923,0.08669487847924584,0.08707724705085262,0.08688606276504923,0.08669487847924584,0.08707724705085262,1.0,1.0,1.0,0.0,0.0,0.0,0.0,0.0,0.0,0.0,0.0,0.0,0.0,0.0,0.0,False
mediation_aware_recourse,False,0.0,19.13109194380974,10.0,2,0.0,0.0,0.0,0.0,0.0,0.0,0.05951616600751794,0.05949714324234956,0.05953518877268632,0.6056666666666666,0.5926666666666667,0.6186666666666666,-0.001366734504699707,-0.002204596996307373,-0.000528872013092041,0.08688606276504923,0.08669487847924584,0.08707724705085262,0.08688606276504923,0.08669487847924584,0.08707724705085262,1.0,1.0,1.0,0.0,0.0,0.0,0.0,0.0,0.0,0.0,0.0,0.0,0.0,0.0,0.0,True
transport_anchor_only,False,1.0,0.0,10.0,2,0.0,0.0,0.0,0.0,0.0,0.0,0.05951616600751794,0.05949714324234956,0.05953518877268632,0.6056666666666666,0.5926666666666667,0.6186666666666666,-0.001366734504699707,-0.002204596996307373,-0.000528872013092041,0.08688606276504923,0.08669487847924584,0.08707724705085262,0.08688606276504923,0.08669487847924584,0.08707724705085262,1.0,1.0,1.0,0.0,0.0,0.0,0.0,0.0,0.0,0.0,0.0,0.0,0.0,0.0,0.0,False
mediation_aware_recourse,False,1.0,0.5,10.0,2,0.0,0.0,0.0,0.0,0.0,0.0,0.05951616600751794,0.05949714324234956,0.05953518877268632,0.6056666666666666,0.5926666666666667,0.6186666666666666,-0.001366734504699707,-0.002204596996307373,-0.000528872013092041,0.08688606276504923,0.08669487847924584,0.08707724705085262,0.08688606276504923,0.08669487847924584,0.08707724705085262,1.0,1.0,1.0,0.0,0.0,0.0,0.0,0.0,0.0,0.0,0.0,0.0,0.0,0.0,0.0,False
mediation_aware_recourse,False,1.0,1.0,10.0,2,0.0,0.0,0.0,0.0,0.0,0.0,0.05951616600751794,0.05949714324234956,0.05953518877268632,0.6056666666666666,0.5926666666666667,0.6186666666666666,-0.001366734504699707,-0.002204596996307373,-0.000528872013092041,0.08688606276504923,0.08669487847924584,0.08707724705085262,0.08688606276504923,0.08669487847924584,0.08707724705085262,1.0,1.0,1.0,0.0,0.0,0.0,0.0,0.0,0.0,0.0,0.0,0.0,0.0,0.0,0.0,False
mediation_aware_recourse,False,1.0,2.0,10.0,2,0.0,0.0,0.0,0.0,0.0,0.0,0.05951616600751794,0.05949714324234956,0.05953518877268632,0.6056666666666666,0.5926666666666667,0.6186666666666666,-0.001366734504699707,-0.002204596996307373,-0.000528872013092041,0.08688606276504923,0.08669487847924584,0.08707724705085262,0.08688606276504923,0.08669487847924584,0.08707724705085262,1.0,1.0,1.0,0.0,0.0,0.0,0.0,0.0,0.0,0.0,0.0,0.0,0.0,0.0,0.0,False
mediation_aware_recourse,False,1.0,5.0,10.0,2,0.0,0.0,0.0,0.0,0.0,0.0,0.05951616600751794,0.05949714324234956,0.05953518877268632,0.6056666666666666,0.5926666666666667,0.6186666666666666,-0.001366734504699707,-0.002204596996307373,-0.000528872013092041,0.08688606276504923,0.08669487847924584,0.08707724705085262,0.08688606276504923,0.08669487847924584,0.08707724705085262,1.0,1.0,1.0,0.0,0.0,0.0,0.0,0.0,0.0,0.0,0.0,0.0,0.0,0.0,0.0,False
mediation_aware_recourse,False,1.0,19.13109194380974,10.0,2,0.0,0.0,0.0,0.0,0.0,0.0,0.05951616600751794,0.05949714324234956,0.05953518877268632,0.6056666666666666,0.5926666666666667,0.6186666666666666,-0.001366734504699707,-0.002204596996307373,-0.000528872013092041,0.08688606276504923,0.08669487847924584,0.08707724705085262,0.08688606276504923,0.08669487847924584,0.08707724705085262,1.0,1.0,1.0,0.0,0.0,0.0,0.0,0.0,0.0,0.0,0.0,0.0,0.0,0.0,0.0,True
transport_anchor_only,False,3.0,0.0,10.0,2,0.0,0.0,0.0,0.0,0.0,0.0,0.05951616600751794,0.05949714324234956,0.05953518877268632,0.6056666666666666,0.5926666666666667,0.6186666666666666,-0.001366734504699707,-0.002204596996307373,-0.000528872013092041,0.08688606276504923,0.08669487847924584,0.08707724705085262,0.08688606276504923,0.08669487847924584,0.08707724705085262,1.0,1.0,1.0,0.0,0.0,0.0,0.0,0.0,0.0,0.0,0.0,0.0,0.0,0.0,0.0,False
mediation_aware_recourse,False,3.0,0.5,10.0,2,0.0,0.0,0.0,0.0,0.0,0.0,0.05951616600751794,0.05949714324234956,0.05953518877268632,0.6056666666666666,0.5926666666666667,0.6186666666666666,-0.001366734504699707,-0.002204596996307373,-0.000528872013092041,0.08688606276504923,0.08669487847924584,0.08707724705085262,0.08688606276504923,0.08669487847924584,0.08707724705085262,1.0,1.0,1.0,0.0,0.0,0.0,0.0,0.0,0.0,0.0,0.0,0.0,0.0,0.0,0.0,False
mediation_aware_recourse,False,3.0,1.0,10.0,2,0.0,0.0,0.0,0.0,0.0,0.0,0.05951616600751794,0.05949714324234956,0.05953518877268632,0.6056666666666666,0.5926666666666667,0.6186666666666666,-0.001366734504699707,-0.002204596996307373,-0.000528872013092041,0.08688606276504923,0.08669487847924584,0.08707724705085262,0.08688606276504923,0.08669487847924584,0.08707724705085262,1.0,1.0,1.0,0.0,0.0,0.0,0.0,0.0,0.0,0.0,0.0,0.0,0.0,0.0,0.0,False
mediation_aware_recourse,False,3.0,2.0,10.0,2,0.0,0.0,0.0,0.0,0.0,0.0,0.05951616600751794,0.05949714324234956,0.05953518877268632,0.6056666666666666,0.5926666666666667,0.6186666666666666,-0.001366734504699707,-0.002204596996307373,-0.000528872013092041,0.08688606276504923,0.08669487847924584,0.08707724705085262,0.08688606276504923,0.08669487847924584,0.08707724705085262,1.0,1.0,1.0,0.0,0.0,0.0,0.0,0.0,0.0,0.0,0.0,0.0,0.0,0.0,0.0,False
mediation_aware_recourse,False,3.0,5.0,10.0,2,0.0,0.0,0.0,0.0,0.0,0.0,0.05951616600751794,0.05949714324234956,0.05953518877268632,0.6056666666666666,0.5926666666666667,0.6186666666666666,-0.001366734504699707,-0.002204596996307373,-0.000528872013092041,0.08688606276504923,0.08669487847924584,0.08707724705085262,0.08688606276504923,0.08669487847924584,0.08707724705085262,1.0,1.0,1.0,0.0,0.0,0.0,0.0,0.0,0.0,0.0,0.0,0.0,0.0,0.0,0.0,False
mediation_aware_recourse,False,3.0,19.13109194380974,10.0,2,0.0,0.0,0.0,0.0,0.0,0.0,0.05951616600751794,0.05949714324234956,0.05953518877268632,0.6056666666666666,0.5926666666666667,0.6186666666666666,-0.001366734504699707,-0.002204596996307373,-0.000528872013092041,0.08688606276504923,0.08669487847924584,0.08707724705085262,0.08688606276504923,0.08669487847924584,0.08707724705085262,1.0,1.0,1.0,0.0,0.0,0.0,0.0,0.0,0.0,0.0,0.0,0.0,0.0,0.0,0.0,True
transport_anchor_only,False,10.0,0.0,10.0,2,0.0,0.0,0.0,0.0,0.0,0.0,0.05951616600751794,0.05949714324234956,0.05953518877268632,0.6056666666666666,0.5926666666666667,0.6186666666666666,-0.001366734504699707,-0.002204596996307373,-0.000528872013092041,0.08688606276504923,0.08669487847924584,0.08707724705085262,0.08688606276504923,0.08669487847924584,0.08707724705085262,1.0,1.0,1.0,0.0,0.0,0.0,0.0,0.0,0.0,0.0,0.0,0.0,0.0,0.0,0.0,False
mediation_aware_recourse,False,10.0,0.5,10.0,2,0.0,0.0,0.0,0.0,0.0,0.0,0.05951616600751794,0.05949714324234956,0.05953518877268632,0.6056666666666666,0.5926666666666667,0.6186666666666666,-0.001366734504699707,-0.002204596996307373,-0.000528872013092041,0.08688606276504923,0.08669487847924584,0.08707724705085262,0.08688606276504923,0.08669487847924584,0.08707724705085262,1.0,1.0,1.0,0.0,0.0,0.0,0.0,0.0,0.0,0.0,0.0,0.0,0.0,0.0,0.0,False
mediation_aware_recourse,False,10.0,1.0,10.0,2,0.0,0.0,0.0,0.0,0.0,0.0,0.05951616600751794,0.05949714324234956,0.05953518877268632,0.6056666666666666,0.5926666666666667,0.6186666666666666,-0.001366734504699707,-0.002204596996307373,-0.000528872013092041,0.08688606276504923,0.08669487847924584,0.08707724705085262,0.08688606276504923,0.08669487847924584,0.08707724705085262,1.0,1.0,1.0,0.0,0.0,0.0,0.0,0.0,0.0,0.0,0.0,0.0,0.0,0.0,0.0,False
mediation_aware_recourse,False,10.0,2.0,10.0,2,0.0,0.0,0.0,0.0,0.0,0.0,0.05951616600751794,0.05949714324234956,0.05953518877268632,0.6056666666666666,0.5926666666666667,0.6186666666666666,-0.001366734504699707,-0.002204596996307373,-0.000528872013092041,0.08688606276504923,0.08669487847924584,0.08707724705085262,0.08688606276504923,0.08669487847924584,0.08707724705085262,1.0,1.0,1.0,0.0,0.0,0.0,0.0,0.0,0.0,0.0,0.0,0.0,0.0,0.0,0.0,False
mediation_aware_recourse,False,10.0,5.0,10.0,2,0.0,0.0,0.0,0.0,0.0,0.0,0.05951616600751794,0.05949714324234956,0.05953518877268632,0.6056666666666666,0.5926666666666667,0.6186666666666666,-0.001366734504699707,-0.002204596996307373,-0.000528872013092041,0.08688606276504923,0.08669487847924584,0.08707724705085262,0.08688606276504923,0.08669487847924584,0.08707724705085262,1.0,1.0,1.0,0.0,0.0,0.0,0.0,0.0,0.0,0.0,0.0,0.0,0.0,0.0,0.0,False
mediation_aware_recourse,False,10.0,19.13109194380974,10.0,2,0.0,0.0,0.0,0.0,0.0,0.0,0.05951616600751794,0.05949714324234956,0.05953518877268632,0.6056666666666666,0.5926666666666667,0.6186666666666666,-0.001366734504699707,-0.002204596996307373,-0.000528872013092041,0.08688606276504923,0.08669487847924584,0.08707724705085262,0.08688606276504923,0.08669487847924584,0.08707724705085262,1.0,1.0,1.0,0.0,0.0,0.0,0.0,0.0,0.0,0.0,0.0,0.0,0.0,0.0,0.0,True
transport_anchor_only,False,30.0,0.0,10.0,2,0.0,0.0,0.0,0.0,0.0,0.0,0.05951616600751794,0.05949714324234956,0.05953518877268632,0.6056666666666666,0.5926666666666667,0.6186666666666666,-0.001366734504699707,-0.002204596996307373,-0.000528872013092041,0.08688606276504923,0.08669487847924584,0.08707724705085262,0.08688606276504923,0.08669487847924584,0.08707724705085262,1.0,1.0,1.0,0.0,0.0,0.0,0.0,0.0,0.0,0.0,0.0,0.0,0.0,0.0,0.0,False
mediation_aware_recourse,False,30.0,0.5,10.0,2,0.0,0.0,0.0,0.0,0.0,0.0,0.05951616600751794,0.05949714324234956,0.05953518877268632,0.6056666666666666,0.5926666666666667,0.6186666666666666,-0.001366734504699707,-0.002204596996307373,-0.000528872013092041,0.08688606276504923,0.08669487847924584,0.08707724705085262,0.08688606276504923,0.08669487847924584,0.08707724705085262,1.0,1.0,1.0,0.0,0.0,0.0,0.0,0.0,0.0,0.0,0.0,0.0,0.0,0.0,0.0,False
mediation_aware_recourse,False,30.0,1.0,10.0,2,0.0,0.0,0.0,0.0,0.0,0.0,0.05951616600751794,0.05949714324234956,0.05953518877268632,0.6056666666666666,0.5926666666666667,0.6186666666666666,-0.001366734504699707,-0.002204596996307373,-0.000528872013092041,0.08688606276504923,0.08669487847924584,0.08707724705085262,0.08688606276504923,0.08669487847924584,0.08707724705085262,1.0,1.0,1.0,0.0,0.0,0.0,0.0,0.0,0.0,0.0,0.0,0.0,0.0,0.0,0.0,False
mediation_aware_recourse,False,30.0,2.0,10.0,2,0.0,0.0,0.0,0.0,0.0,0.0,0.05951616600751794,0.05949714324234956,0.05953518877268632,0.6056666666666666,0.5926666666666667,0.6186666666666666,-0.001366734504699707,-0.002204596996307373,-0.000528872013092041,0.08688606276504923,0.08669487847924584,0.08707724705085262,0.08688606276504923,0.08669487847924584,0.08707724705085262,1.0,1.0,1.0,0.0,0.0,0.0,0.0,0.0,0.0,0.0,0.0,0.0,0.0,0.0,0.0,False
mediation_aware_recourse,False,30.0,5.0,10.0,2,0.0,0.0,0.0,0.0,0.0,0.0,0.05951616600751794,0.05949714324234956,0.05953518877268632,0.6056666666666666,0.5926666666666667,0.6186666666666666,-0.001366734504699707,-0.002204596996307373,-0.000528872013092041,0.08688606276504923,0.08669487847924584,0.08707724705085262,0.08688606276504923,0.08669487847924584,0.08707724705085262,1.0,1.0,1.0,0.0,0.0,0.0,0.0,0.0,0.0,0.0,0.0,0.0,0.0,0.0,0.0,False
mediation_aware_recourse,False,30.0,19.13109194380974,10.0,2,0.0,0.0,0.0,0.0,0.0,0.0,0.05951616600751794,0.05949714324234956,0.05953518877268632,0.6056666666666666,0.5926666666666667,0.6186666666666666,-0.001366734504699707,-0.002204596996307373,-0.000528872013092041,0.08688606276504923,0.08669487847924584,0.08707724705085262,0.08688606276504923,0.08669487847924584,0.08707724705085262,1.0,1.0,1.0,0.0,0.0,0.0,0.0,0.0,0.0,0.0,0.0,0.0,0.0,0.0,0.0,True
